E:/sampel/case2_bangbernad/dmp/pid.10340.0x7ff702780000.dmp,34404,7,0,0,240,34,523,14,28,28672,36864,0,21376,4096,1.40699E+14,4096,4096,10,0,10,0,10,0,0,69632,4096,131198,2,49504,524288,16384,1048576,4096,0,16
E:/sampel/case2_bangbernad/dmp/pid.10352.0x7ff702780000.dmp,34404,7,0,0,240,34,523,14,28,28672,36864,0,21376,4096,1.40699E+14,4096,4096,10,0,10,0,10,0,0,69632,4096,131198,2,49504,524288,16384,1048576,4096,0,16
E:/sampel/case2_bangbernad/dmp/pid.10584.0x7ff6a8a40000.dmp,34404,10,0,0,240,34,523,14,20,518144,330752,0,6141,4096,1.40697E+14,4096,512,6,0,0,0,6,0,0,876544,1024,866622,2,33120,1048576,4096,1048576,4096,0,16
E:/sampel/case2_bangbernad/dmp/pid.1060.0x7ff6bb550000.dmp,34404,7,0,0,240,34,523,14,28,385024,155648,0,20064,4096,1.40698E+14,4096,4096,10,0,10,0,10,0,0,544768,4096,613856,2,49504,524288,57344,1048576,4096,0,16
E:/sampel/case2_bangbernad/dmp/pid.1068.0x7ff66a820000.dmp,34404,6,0,0,240,34,523,14,28,4096,20480,0,4112,4096,1.40696E+14,4096,4096,10,0,10,0,10,0,0,28672,4096,37874,1,16736,262144,32768,1048576,4096,0,16
E:/sampel/case2_bangbernad/dmp/pid.10688.0x7ff74c950000.dmp,34404,6,0,0,240,34,523,14,28,8192,24576,0,4880,4096,1.407E+14,4096,4096,10,0,10,0,10,0,0,36864,4096,71919,2,49504,1048576,32768,1048576,4096,0,16
E:/sampel/case2_bangbernad/dmp/pid.10996.0x7ff702780000.dmp,34404,7,0,0,240,34,523,14,28,28672,36864,0,21376,4096,1.40699E+14,4096,4096,10,0,10,0,10,0,0,69632,4096,131198,2,49504,524288,16384,1048576,4096,0,16
E:/sampel/case2_bangbernad/dmp/pid.11184.0x7ff702780000.dmp,34404,7,0,0,240,34,523,14,28,28672,36864,0,21376,4096,1.40699E+14,4096,4096,10,0,10,0,10,0,0,69632,4096,131198,2,49504,524288,16384,1048576,4096,0,16
E:/sampel/case2_bangbernad/dmp/pid.11272.0x7ff6944e0000.dmp,34404,13,0,0,240,34,523,14,0,2442752,686080,0,914160,4096,1.40697E+14,4096,512,5,2,0,0,5,2,0,3207168,1024,3150154,2,49504,8388608,4096,1048576,4096,0,16
E:/sampel/case2_bangbernad/dmp/pid.1132.0x7ff667b40000.dmp,34404,7,0,0,240,34,523,14,28,548864,188416,0,227296,4096,1.40696E+14,4096,4096,10,0,10,0,10,0,0,741376,4096,789539,2,49504,524288,32768,1048576,4096,0,16
E:/sampel/case2_bangbernad/dmp/pid.11404.0x7ff702780000.dmp,34404,7,0,0,240,34,523,14,28,28672,36864,0,21376,4096,1.40699E+14,4096,4096,10,0,10,0,10,0,0,69632,4096,131198,2,49504,524288,16384,1048576,4096,0,16
E:/sampel/case2_bangbernad/dmp/pid.11424.0x7ff6cdfd0000.dmp,34404,6,0,0,240,34,523,14,28,2163200,941056,0,433392,4096,1.40698E+14,4096,512,10,0,10,0,6,0,0,3121152,1024,3127563,2,49504,1048576,4096,1048576,4096,0,16
E:/sampel/case2_bangbernad/dmp/pid.1144.0x7ff7db470000.dmp,34404,7,0,0,240,34,523,14,28,24576,45056,0,19696,4096,1.40703E+14,4096,4096,10,0,10,0,10,0,0,73728,4096,123525,2,49504,524288,49152,1048576,4096,0,16
E:/sampel/case2_bangbernad/dmp/pid.11908.0x7ff699900000.dmp,34404,8,0,0,240,34,523,14,28,65536,53248,4096,29120,4096,1.40697E+14,4096,4096,10,0,10,0,10,0,0,126976,4096,148567,2,49632,524288,49152,1048576,4096,0,16
E:/sampel/case2_bangbernad/dmp/pid.11936.0x7ff702780000.dmp,34404,7,0,0,240,34,523,14,28,28672,36864,0,21376,4096,1.40699E+14,4096,4096,10,0,10,0,10,0,0,69632,4096,131198,2,49504,524288,16384,1048576,4096,0,16
E:/sampel/case2_bangbernad/dmp/pid.12256.0x7ff738380000.dmp,34404,7,0,0,240,34,523,14,28,655360,266240,0,224080,4096,1.407E+14,4096,4096,10,0,10,0,10,0,0,925696,4096,918180,2,49504,524288,32768,1048576,4096,0,16
E:/sampel/case2_bangbernad/dmp/pid.12516.0x7ff702780000.dmp,34404,7,0,0,240,34,523,14,28,28672,36864,0,21376,4096,1.40699E+14,4096,4096,10,0,10,0,10,0,0,69632,4096,131198,2,49504,524288,16384,1048576,4096,0,16
E:/sampel/case2_bangbernad/dmp/pid.1264.0x7ff702780000.dmp,34404,7,0,0,240,34,523,14,28,28672,36864,0,21376,4096,1.40699E+14,4096,4096,10,0,10,0,10,0,0,69632,4096,131198,2,49504,524288,16384,1048576,4096,0,16
E:/sampel/case2_bangbernad/dmp/pid.1292.0x7ff772f40000.dmp,34404,6,0,0,240,34,523,14,28,663552,192512,0,233424,4096,1.40701E+14,4096,4096,10,0,10,0,10,0,0,860160,4096,894347,2,49504,524288,8192,1048576,4096,0,16
E:/sampel/case2_bangbernad/dmp/pid.13004.0x7ff720320000.dmp,34404,4,0,0,240,34,523,11,0,512,21742,0,36864,36864,1.40699E+14,4096,512,6,2,0,0,6,2,0,40960,1536,62740,2,37216,1048576,4096,0,0,0,16
E:/sampel/case2_bangbernad/dmp/pid.13040.0x1c0000.dmp,332,8,0,0,224,258,267,14,16,16289792,13244416,0,33221,4096,1835008,4096,512,5,1,0,0,5,1,0,29552640,1024,29452954,3,33088,1048576,4096,1048576,4096,0,16
E:/sampel/case2_bangbernad/dmp/pid.13128.0x7ff77ed40000.dmp,34404,7,0,0,240,34,523,14,28,733184,307200,0,149440,4096,1.40701E+14,4096,4096,10,0,10,0,10,0,0,1044480,4096,1079149,2,49504,524288,8192,1048576,4096,0,16
E:/sampel/case2_bangbernad/dmp/pid.13452.0x7ff702780000.dmp,34404,7,0,0,240,34,523,14,28,28672,36864,0,21376,4096,1.40699E+14,4096,4096,10,0,10,0,10,0,0,69632,4096,131198,2,49504,524288,16384,1048576,4096,0,16
E:/sampel/case2_bangbernad/dmp/pid.13528.0x7ff702780000.dmp,34404,7,0,0,240,34,523,14,28,28672,36864,0,21376,4096,1.40699E+14,4096,4096,10,0,10,0,10,0,0,69632,4096,131198,2,49504,524288,16384,1048576,4096,0,16
E:/sampel/case2_bangbernad/dmp/pid.13544.0x7ff62e910000.dmp,34404,9,0,0,240,34,523,14,20,2122752,1210368,0,1409728,4096,1.40695E+14,4096,512,6,0,0,0,6,0,0,3371008,1024,3399947,2,33120,1179648,4096,1048576,4096,0,16
E:/sampel/case2_bangbernad/dmp/pid.13620.0x7ff702780000.dmp,34404,7,0,0,240,34,523,14,28,28672,36864,0,21376,4096,1.40699E+14,4096,4096,10,0,10,0,10,0,0,69632,4096,131198,2,49504,524288,16384,1048576,4096,0,16
E:/sampel/case2_bangbernad/dmp/pid.1364.0x7ff702780000.dmp,34404,7,0,0,240,34,523,14,28,28672,36864,0,21376,4096,1.40699E+14,4096,4096,10,0,10,0,10,0,0,69632,4096,131198,2,49504,524288,16384,1048576,4096,0,16
E:/sampel/case2_bangbernad/dmp/pid.13668.0x7ff6175f0000.dmp,34404,7,0,0,240,34,523,14,28,1974272,983040,0,1789232,4096,1.40695E+14,4096,4096,10,0,10,0,10,0,0,2961408,4096,2960662,2,49504,524288,8192,1048576,4096,0,16
E:/sampel/case2_bangbernad/dmp/pid.13732.0x7ff702780000.dmp,34404,7,0,0,240,34,523,14,28,28672,36864,0,21376,4096,1.40699E+14,4096,4096,10,0,10,0,10,0,0,69632,4096,131198,2,49504,524288,16384,1048576,4096,0,16
E:/sampel/case2_bangbernad/dmp/pid.1412.0x7ff702780000.dmp,34404,7,0,0,240,34,523,14,28,28672,36864,0,21376,4096,1.40699E+14,4096,4096,10,0,10,0,10,0,0,69632,4096,131198,2,49504,524288,16384,1048576,4096,0,16
E:/sampel/case2_bangbernad/dmp/pid.14392.0x7ff61c5a0000.dmp,34404,8,0,0,240,34,523,14,0,651776,349184,0,336784,4096,1.40695E+14,4096,512,6,0,0,0,6,0,0,1028096,1024,1001611,3,49504,1048576,4096,1048576,4096,0,16
E:/sampel/case2_bangbernad/dmp/pid.14400.0x7ff77ed40000.dmp,34404,7,0,0,240,34,523,14,28,733184,307200,0,149440,4096,1.40701E+14,4096,4096,10,0,10,0,10,0,0,1044480,4096,1079149,2,49504,524288,8192,1048576,4096,0,16
E:/sampel/case2_bangbernad/dmp/pid.14480.0x7ff74c950000.dmp,34404,6,0,0,240,34,523,14,28,8192,24576,0,4880,4096,1.407E+14,4096,4096,10,0,10,0,10,0,0,36864,4096,71919,2,49504,1048576,32768,1048576,4096,0,16
E:/sampel/case2_bangbernad/dmp/pid.14624.0x7ff6f1a60000.dmp,34404,8,0,0,240,34,523,14,0,158208,263168,0,152704,4096,1.40699E+14,4096,512,6,0,0,0,6,0,0,446464,1024,472832,2,49504,1048576,4096,1048576,4096,0,16
E:/sampel/case2_bangbernad/dmp/pid.14652.0x7ff6ea740000.dmp,34404,15,0,0,240,34,523,14,0,24853504,30387200,0,24538292,4096,1.40698E+14,4096,512,6,0,0,0,6,0,0,55435264,1024,55288526,2,33120,1048576,4096,1048576,4096,0,16
E:/sampel/case2_bangbernad/dmp/pid.14676.0x7ff62e910000.dmp,34404,9,0,0,240,34,523,14,20,2122752,1210368,0,1409728,4096,1.40695E+14,4096,512,6,0,0,0,6,0,0,3371008,1024,3399947,2,33120,1179648,4096,1048576,4096,0,16
E:/sampel/case2_bangbernad/dmp/pid.14872.0x7ff61c5a0000.dmp,34404,8,0,0,240,34,523,14,0,651776,349184,0,336784,4096,1.40695E+14,4096,512,6,0,0,0,6,0,0,1028096,1024,1001611,3,49504,1048576,4096,1048576,4096,0,16
E:/sampel/case2_bangbernad/dmp/pid.1488.0x7ff6d9c30000.dmp,34404,7,0,0,240,34,523,14,28,643072,249856,0,245776,4096,1.40698E+14,4096,4096,10,0,10,0,10,0,0,897024,4096,930473,2,49504,524288,57344,1048576,4096,0,16
E:/sampel/case2_bangbernad/dmp/pid.14896.0x7ff7ca5e0000.dmp,34404,7,0,0,240,34,523,14,28,1384448,1142784,0,9328,4096,1.40702E+14,4096,4096,10,0,10,0,10,0,0,2531328,4096,2537808,2,49504,524288,8192,1048576,4096,0,16
E:/sampel/case2_bangbernad/dmp/pid.14952.0x7ff73cef0000.dmp,34404,7,0,0,240,34,523,14,28,36864,225280,0,33296,4096,1.407E+14,4096,4096,10,0,10,0,10,0,0,266240,4096,278480,2,49504,524288,8192,1048576,4096,0,16
E:/sampel/case2_bangbernad/dmp/pid.14972.0x7ff643440000.dmp,34404,7,0,0,240,34,523,14,28,73728,57344,0,5552,4096,1.40696E+14,4096,4096,10,0,10,0,10,0,0,135168,4096,167461,3,49504,524288,8192,1048576,4096,0,16
E:/sampel/case2_bangbernad/dmp/pid.15048.0x7ff77ed40000.dmp,34404,7,0,0,240,34,523,14,28,733184,307200,0,149440,4096,1.40701E+14,4096,4096,10,0,10,0,10,0,0,1044480,4096,1079149,2,49504,524288,8192,1048576,4096,0,16
E:/sampel/case2_bangbernad/dmp/pid.15056.0x7ff73d250000.dmp,34404,7,0,0,240,34,523,14,16,761856,2684416,0,701524,4096,1.407E+14,4096,512,6,0,0,0,6,0,0,3465216,1024,3501825,2,33120,1048576,4096,1048576,4096,0,16
E:/sampel/case2_bangbernad/dmp/pid.15120.0x7ff72c750000.dmp,34404,8,0,0,240,34,523,14,0,467456,215552,0,458400,4096,1.407E+14,4096,512,6,0,0,0,6,0,0,708608,1024,716990,2,49504,1048576,4096,1048576,4096,0,16
E:/sampel/case2_bangbernad/dmp/pid.15184.0x7ff648760000.dmp,34404,7,0,0,240,34,523,14,29,691200,1945088,0,497680,4096,1.40696E+14,4096,512,6,0,0,0,6,0,0,2650112,1024,2652710,2,49504,1048576,4096,1048576,4096,0,16
E:/sampel/case2_bangbernad/dmp/pid.15320.0x7ff7f96d0000.dmp,34404,10,0,0,240,34,523,14,0,657920,317952,0,470104,4096,1.40703E+14,4096,512,6,0,0,0,6,0,0,1011712,1024,1007731,2,33120,1048576,4096,1048576,4096,0,16
E:/sampel/case2_bangbernad/dmp/pid.15384.0x7ff6ea740000.dmp,34404,15,0,0,240,34,523,14,0,24853504,30387200,0,24538292,4096,1.40698E+14,4096,512,6,0,0,0,6,0,0,55435264,1024,55288526,2,33120,1048576,4096,1048576,4096,0,16
E:/sampel/case2_bangbernad/dmp/pid.15428.0x7ff702780000.dmp,34404,7,0,0,240,34,523,14,28,28672,36864,0,21376,4096,1.40699E+14,4096,4096,10,0,10,0,10,0,0,69632,4096,131198,2,49504,524288,16384,1048576,4096,0,16
E:/sampel/case2_bangbernad/dmp/pid.1544.0x7ff772f40000.dmp,34404,6,0,0,240,34,523,14,28,663552,192512,0,233424,4096,1.40701E+14,4096,4096,10,0,10,0,10,0,0,860160,4096,894347,2,49504,524288,8192,1048576,4096,0,16
E:/sampel/case2_bangbernad/dmp/pid.15520.0x7ff6ea740000.dmp,34404,15,0,0,240,34,523,14,0,24853504,30387200,0,24538292,4096,1.40698E+14,4096,512,6,0,0,0,6,0,0,55435264,1024,55288526,2,33120,1048576,4096,1048576,4096,0,16
E:/sampel/case2_bangbernad/dmp/pid.15616.0x7ff6ea740000.dmp,34404,15,0,0,240,34,523,14,0,24853504,30387200,0,24538292,4096,1.40698E+14,4096,512,6,0,0,0,6,0,0,55435264,1024,55288526,2,33120,1048576,4096,1048576,4096,0,16
E:/sampel/case2_bangbernad/dmp/pid.15624.0x7ff6ea740000.dmp,34404,15,0,0,240,34,523,14,0,24853504,30387200,0,24538292,4096,1.40698E+14,4096,512,6,0,0,0,6,0,0,55435264,1024,55288526,2,33120,1048576,4096,1048576,4096,0,16
E:/sampel/case2_bangbernad/dmp/pid.15692.0x7ff6944e0000.dmp,34404,13,0,0,240,34,523,14,0,2442752,686080,0,914160,4096,1.40697E+14,4096,512,5,2,0,0,5,2,0,3207168,1024,3150154,2,49504,8388608,4096,1048576,4096,0,16
E:/sampel/case2_bangbernad/dmp/pid.15728.0x7ff6ea740000.dmp,34404,15,0,0,240,34,523,14,0,24853504,30387200,0,24538292,4096,1.40698E+14,4096,512,6,0,0,0,6,0,0,55435264,1024,55288526,2,33120,1048576,4096,1048576,4096,0,16
E:/sampel/case2_bangbernad/dmp/pid.15740.0x7ff6ea740000.dmp,34404,15,0,0,240,34,523,14,0,24853504,30387200,0,24538292,4096,1.40698E+14,4096,512,6,0,0,0,6,0,0,55435264,1024,55288526,2,33120,1048576,4096,1048576,4096,0,16
E:/sampel/case2_bangbernad/dmp/pid.15772.0x7ff70bb40000.dmp,34404,6,0,0,240,34,523,14,28,274432,118784,0,259792,4096,1.40699E+14,4096,4096,10,0,10,0,10,0,0,397312,4096,422668,2,49504,524288,8192,1048576,4096,0,16
E:/sampel/case2_bangbernad/dmp/pid.16040.0x7ff699900000.dmp,34404,8,0,0,240,34,523,14,28,65536,53248,4096,29120,4096,1.40697E+14,4096,4096,10,0,10,0,10,0,0,126976,4096,148567,2,49632,524288,49152,1048576,4096,0,16
E:/sampel/case2_bangbernad/dmp/pid.1616.0x7ff799280000.dmp,34404,7,0,0,240,34,523,14,28,61440,73728,0,24672,4096,1.40701E+14,4096,4096,10,0,10,0,10,0,0,139264,4096,0,2,49504,524288,8192,1048576,4096,0,16
E:/sampel/case2_bangbernad/dmp/pid.16296.0x7ff7f5ee0000.dmp,34404,6,0,0,240,34,523,9,0,34816,25600,0,9764,4096,1.40703E+14,4096,512,5,2,0,0,5,2,0,81920,1024,100032,2,33088,1048576,4096,1048576,4096,0,16
E:/sampel/case2_bangbernad/dmp/pid.16320.0x7ff7d6ab0000.dmp,34404,6,0,0,240,34,523,14,29,966656,283136,0,855408,4096,1.40702E+14,4096,512,6,0,0,0,6,0,0,1261568,1024,1320140,2,49504,1048576,4096,1048576,4096,0,16
E:/sampel/case2_bangbernad/dmp/pid.16340.0x790000.dmp,332,5,0,0,224,258,267,9,0,2522112,3380224,0,2210588,4096,7929856,4096,512,5,0,0,0,5,0,0,5914624,1024,5891332,2,33088,4194304,4096,1048576,4096,0,16
E:/sampel/case2_bangbernad/dmp/pid.1660.0x7ff702780000.dmp,34404,7,0,0,240,34,523,14,28,28672,36864,0,21376,4096,1.40699E+14,4096,4096,10,0,10,0,10,0,0,69632,4096,131198,2,49504,524288,16384,1048576,4096,0,16
E:/sampel/case2_bangbernad/dmp/pid.16708.0x7ff699900000.dmp,34404,8,0,0,240,34,523,14,28,65536,53248,4096,29120,4096,1.40697E+14,4096,4096,10,0,10,0,10,0,0,126976,4096,148567,2,49632,524288,49152,1048576,4096,0,16
E:/sampel/case2_bangbernad/dmp/pid.1676.0x7ff702780000.dmp,34404,7,0,0,240,34,523,14,28,28672,36864,0,21376,4096,1.40699E+14,4096,4096,10,0,10,0,10,0,0,69632,4096,131198,2,49504,524288,16384,1048576,4096,0,16
E:/sampel/case2_bangbernad/dmp/pid.16908.0x1dd70980000.dmp,34404,2,0,0,240,34,523,48,0,354304,2048,0,0,8192,2.05059E+12,8192,512,4,0,0,0,6,0,0,376832,512,0,2,34144,4194304,16384,1048576,8192,0,16
E:/sampel/case2_bangbernad/dmp/pid.17008.0x7ff702780000.dmp,34404,7,0,0,240,34,523,14,28,28672,36864,0,21376,4096,1.40699E+14,4096,4096,10,0,10,0,10,0,0,69632,4096,131198,2,49504,524288,16384,1048576,4096,0,16
E:/sampel/case2_bangbernad/dmp/pid.17080.0xc70000.dmp,332,5,0,0,224,258,267,9,0,1489408,629760,0,1304517,4096,13041664,4096,512,5,0,0,0,5,0,0,2232320,1024,2143887,2,33088,1048576,4096,1048576,4096,0,16
E:/sampel/case2_bangbernad/dmp/pid.17112.0x7ff761c00000.dmp,34404,4,0,0,240,34,523,11,0,512,17342,0,32768,32768,1.407E+14,4096,512,6,2,0,0,6,2,0,36864,1536,0,2,37216,1048576,4096,0,0,0,16
E:/sampel/case2_bangbernad/dmp/pid.17148.0x7ff695180000.dmp,34404,8,0,0,240,34,523,14,29,19888640,19320832,0,2163424,4096,1.40697E+14,4096,512,6,0,0,0,6,0,0,39231488,1024,37008642,2,49504,1048576,4096,1048576,4096,0,16
E:/sampel/case2_bangbernad/dmp/pid.17508.0x7ff6944e0000.dmp,34404,13,0,0,240,34,523,14,0,2442752,686080,0,914160,4096,1.40697E+14,4096,512,5,2,0,0,5,2,0,3207168,1024,3150154,2,49504,8388608,4096,1048576,4096,0,16
E:/sampel/case2_bangbernad/dmp/pid.1756.0x7ff62e910000.dmp,34404,9,0,0,240,34,523,14,20,2122752,1210368,0,1409728,4096,1.40695E+14,4096,512,6,0,0,0,6,0,0,3371008,1024,3399947,2,33120,1179648,4096,1048576,4096,0,16
E:/sampel/case2_bangbernad/dmp/pid.1764.0x7ff702780000.dmp,34404,7,0,0,240,34,523,14,28,28672,36864,0,21376,4096,1.40699E+14,4096,4096,10,0,10,0,10,0,0,69632,4096,131198,2,49504,524288,16384,1048576,4096,0,16
E:/sampel/case2_bangbernad/dmp/pid.17696.0x7ff702780000.dmp,34404,7,0,0,240,34,523,14,28,28672,36864,0,21376,4096,1.40699E+14,4096,4096,10,0,10,0,10,0,0,69632,4096,131198,2,49504,524288,16384,1048576,4096,0,16
E:/sampel/case2_bangbernad/dmp/pid.17740.0x7ff702780000.dmp,34404,7,0,0,240,34,523,14,28,28672,36864,0,21376,4096,1.40699E+14,4096,4096,10,0,10,0,10,0,0,69632,4096,131198,2,49504,524288,16384,1048576,4096,0,16
E:/sampel/case2_bangbernad/dmp/pid.1776.0x7ff702780000.dmp,34404,7,0,0,240,34,523,14,28,28672,36864,0,21376,4096,1.40699E+14,4096,4096,10,0,10,0,10,0,0,69632,4096,131198,2,49504,524288,16384,1048576,4096,0,16
E:/sampel/case2_bangbernad/dmp/pid.1784.0x7ff702780000.dmp,34404,7,0,0,240,34,523,14,28,28672,36864,0,21376,4096,1.40699E+14,4096,4096,10,0,10,0,10,0,0,69632,4096,131198,2,49504,524288,16384,1048576,4096,0,16
E:/sampel/case2_bangbernad/dmp/pid.17988.0x7ff602b80000.dmp,34404,7,0,0,240,34,523,14,28,20480,81920,4096,19008,4096,1.40695E+14,4096,4096,10,0,10,0,10,0,0,110592,4096,125168,2,49632,2097152,8192,1048576,4096,0,16
E:/sampel/case2_bangbernad/dmp/pid.1800.0x7ff702780000.dmp,34404,7,0,0,240,34,523,14,28,28672,36864,0,21376,4096,1.40699E+14,4096,4096,10,0,10,0,10,0,0,69632,4096,131198,2,49504,524288,16384,1048576,4096,0,16
E:/sampel/case2_bangbernad/dmp/pid.18020.0x7ff7ea9a0000.dmp,34404,8,0,0,240,34,523,14,28,45056,36864,4096,7248,4096,1.40703E+14,4096,4096,10,0,10,0,10,0,0,90112,4096,154715,2,49632,524288,8192,1048576,4096,0,16
E:/sampel/case2_bangbernad/dmp/pid.18144.0x6d0000.dmp,332,3,0,0,224,258,267,11,0,11264,2048,0,19358,8192,7143424,8192,512,4,0,0,0,4,0,0,40960,512,60948,2,34112,1048576,4096,1048576,4096,0,16
E:/sampel/case2_bangbernad/dmp/pid.1916.0x7ff782c40000.dmp,34404,7,0,0,240,34,523,14,28,210944,112128,0,127728,4096,1.40701E+14,4096,512,6,0,0,0,6,0,0,339968,1024,400754,2,49504,1048576,4096,1048576,4096,0,16
E:/sampel/case2_bangbernad/dmp/pid.1932.0x7ff702780000.dmp,34404,7,0,0,240,34,523,14,28,28672,36864,0,21376,4096,1.40699E+14,4096,4096,10,0,10,0,10,0,0,69632,4096,131198,2,49504,524288,16384,1048576,4096,0,16
E:/sampel/case2_bangbernad/dmp/pid.1964.0x7ff702780000.dmp,34404,7,0,0,240,34,523,14,28,28672,36864,0,21376,4096,1.40699E+14,4096,4096,10,0,10,0,10,0,0,69632,4096,131198,2,49504,524288,16384,1048576,4096,0,16
E:/sampel/case2_bangbernad/dmp/pid.2028.0x7ff702780000.dmp,34404,7,0,0,240,34,523,14,28,28672,36864,0,21376,4096,1.40699E+14,4096,4096,10,0,10,0,10,0,0,69632,4096,131198,2,49504,524288,16384,1048576,4096,0,16
E:/sampel/case2_bangbernad/dmp/pid.2072.0x7ff702780000.dmp,34404,7,0,0,240,34,523,14,28,28672,36864,0,21376,4096,1.40699E+14,4096,4096,10,0,10,0,10,0,0,69632,4096,131198,2,49504,524288,16384,1048576,4096,0,16
E:/sampel/case2_bangbernad/dmp/pid.2080.0x7ff702780000.dmp,34404,7,0,0,240,34,523,14,28,28672,36864,0,21376,4096,1.40699E+14,4096,4096,10,0,10,0,10,0,0,69632,4096,131198,2,49504,524288,16384,1048576,4096,0,16
E:/sampel/case2_bangbernad/dmp/pid.2216.0x7ff7e1c80000.dmp,34404,7,0,0,240,34,523,14,28,40960,36864,4096,7456,4096,1.40703E+14,4096,4096,10,0,10,0,10,0,0,86016,4096,99250,2,49632,524288,8192,1048576,4096,0,16
E:/sampel/case2_bangbernad/dmp/pid.2240.0x7ff702780000.dmp,34404,7,0,0,240,34,523,14,28,28672,36864,0,21376,4096,1.40699E+14,4096,4096,10,0,10,0,10,0,0,69632,4096,131198,2,49504,524288,16384,1048576,4096,0,16
E:/sampel/case2_bangbernad/dmp/pid.2444.0x7ff7de310000.dmp,34404,8,0,0,240,34,523,14,29,655872,338432,0,224208,4096,1.40703E+14,4096,512,6,0,0,0,6,0,0,1032192,1024,1067031,2,49504,1048576,4096,1048576,4096,0,16
E:/sampel/case2_bangbernad/dmp/pid.2504.0x7ff702780000.dmp,34404,7,0,0,240,34,523,14,28,28672,36864,0,21376,4096,1.40699E+14,4096,4096,10,0,10,0,10,0,0,69632,4096,131198,2,49504,524288,16384,1048576,4096,0,16
E:/sampel/case2_bangbernad/dmp/pid.2548.0x7ff702780000.dmp,34404,7,0,0,240,34,523,14,28,28672,36864,0,21376,4096,1.40699E+14,4096,4096,10,0,10,0,10,0,0,69632,4096,131198,2,49504,524288,16384,1048576,4096,0,16
E:/sampel/case2_bangbernad/dmp/pid.2616.0x7ff702780000.dmp,34404,7,0,0,240,34,523,14,28,28672,36864,0,21376,4096,1.40699E+14,4096,4096,10,0,10,0,10,0,0,69632,4096,131198,2,49504,524288,16384,1048576,4096,0,16
E:/sampel/case2_bangbernad/dmp/pid.2624.0x7ff702780000.dmp,34404,7,0,0,240,34,523,14,28,28672,36864,0,21376,4096,1.40699E+14,4096,4096,10,0,10,0,10,0,0,69632,4096,131198,2,49504,524288,16384,1048576,4096,0,16
E:/sampel/case2_bangbernad/dmp/pid.2632.0x7ff702780000.dmp,34404,7,0,0,240,34,523,14,28,28672,36864,0,21376,4096,1.40699E+14,4096,4096,10,0,10,0,10,0,0,69632,4096,131198,2,49504,524288,16384,1048576,4096,0,16
E:/sampel/case2_bangbernad/dmp/pid.2776.0x7ff702780000.dmp,34404,7,0,0,240,34,523,14,28,28672,36864,0,21376,4096,1.40699E+14,4096,4096,10,0,10,0,10,0,0,69632,4096,131198,2,49504,524288,16384,1048576,4096,0,16
E:/sampel/case2_bangbernad/dmp/pid.2880.0x7ff702780000.dmp,34404,7,0,0,240,34,523,14,28,28672,36864,0,21376,4096,1.40699E+14,4096,4096,10,0,10,0,10,0,0,69632,4096,131198,2,49504,524288,16384,1048576,4096,0,16
E:/sampel/case2_bangbernad/dmp/pid.2940.0x7ff702780000.dmp,34404,7,0,0,240,34,523,14,28,28672,36864,0,21376,4096,1.40699E+14,4096,4096,10,0,10,0,10,0,0,69632,4096,131198,2,49504,524288,16384,1048576,4096,0,16
E:/sampel/case2_bangbernad/dmp/pid.2948.0x7ff702780000.dmp,34404,7,0,0,240,34,523,14,28,28672,36864,0,21376,4096,1.40699E+14,4096,4096,10,0,10,0,10,0,0,69632,4096,131198,2,49504,524288,16384,1048576,4096,0,16
E:/sampel/case2_bangbernad/dmp/pid.2988.0x7ff702780000.dmp,34404,7,0,0,240,34,523,14,28,28672,36864,0,21376,4096,1.40699E+14,4096,4096,10,0,10,0,10,0,0,69632,4096,131198,2,49504,524288,16384,1048576,4096,0,16
E:/sampel/case2_bangbernad/dmp/pid.3020.0x7ff702780000.dmp,34404,7,0,0,240,34,523,14,28,28672,36864,0,21376,4096,1.40699E+14,4096,4096,10,0,10,0,10,0,0,69632,4096,131198,2,49504,524288,16384,1048576,4096,0,16
E:/sampel/case2_bangbernad/dmp/pid.3176.0x7ff702780000.dmp,34404,7,0,0,240,34,523,14,28,28672,36864,0,21376,4096,1.40699E+14,4096,4096,10,0,10,0,10,0,0,69632,4096,131198,2,49504,524288,16384,1048576,4096,0,16
E:/sampel/case2_bangbernad/dmp/pid.3224.0x7ff7de310000.dmp,34404,8,0,0,240,34,523,14,29,655872,338432,0,224208,4096,1.40703E+14,4096,512,6,0,0,0,6,0,0,1032192,1024,1067031,2,49504,1048576,4096,1048576,4096,0,16
E:/sampel/case2_bangbernad/dmp/pid.3272.0x7ff702780000.dmp,34404,7,0,0,240,34,523,14,28,28672,36864,0,21376,4096,1.40699E+14,4096,4096,10,0,10,0,10,0,0,69632,4096,131198,2,49504,524288,16384,1048576,4096,0,16
E:/sampel/case2_bangbernad/dmp/pid.3328.0x7ff702780000.dmp,34404,7,0,0,240,34,523,14,28,28672,36864,0,21376,4096,1.40699E+14,4096,4096,10,0,10,0,10,0,0,69632,4096,131198,2,49504,524288,16384,1048576,4096,0,16
E:/sampel/case2_bangbernad/dmp/pid.3360.0x7ff702780000.dmp,34404,7,0,0,240,34,523,14,28,28672,36864,0,21376,4096,1.40699E+14,4096,4096,10,0,10,0,10,0,0,69632,4096,131198,2,49504,524288,16384,1048576,4096,0,16
E:/sampel/case2_bangbernad/dmp/pid.3368.0x7ff702780000.dmp,34404,7,0,0,240,34,523,14,28,28672,36864,0,21376,4096,1.40699E+14,4096,4096,10,0,10,0,10,0,0,69632,4096,131198,2,49504,524288,16384,1048576,4096,0,16
E:/sampel/case2_bangbernad/dmp/pid.3396.0x7ff6944e0000.dmp,34404,13,0,0,240,34,523,14,0,2442752,686080,0,914160,4096,1.40697E+14,4096,512,5,2,0,0,5,2,0,3207168,1024,3150154,2,49504,8388608,4096,1048576,4096,0,16
E:/sampel/case2_bangbernad/dmp/pid.3628.0x7ff702780000.dmp,34404,7,0,0,240,34,523,14,28,28672,36864,0,21376,4096,1.40699E+14,4096,4096,10,0,10,0,10,0,0,69632,4096,131198,2,49504,524288,16384,1048576,4096,0,16
E:/sampel/case2_bangbernad/dmp/pid.3656.0x7ff760c50000.dmp,34404,7,0,0,240,34,523,14,28,311296,196608,0,82976,4096,1.407E+14,4096,4096,10,0,10,0,10,0,0,512000,4096,515214,2,49504,524288,65536,1048576,4096,0,16
E:/sampel/case2_bangbernad/dmp/pid.3664.0x7ff702780000.dmp,34404,7,0,0,240,34,523,14,28,28672,36864,0,21376,4096,1.40699E+14,4096,4096,10,0,10,0,10,0,0,69632,4096,131198,2,49504,524288,16384,1048576,4096,0,16
E:/sampel/case2_bangbernad/dmp/pid.3768.0x7ff64e490000.dmp,34404,7,0,0,240,34,523,14,28,528384,356352,0,81808,4096,1.40696E+14,4096,4096,10,0,10,0,10,0,0,888832,4096,928575,2,49504,1048576,49152,1048576,4096,0,16
E:/sampel/case2_bangbernad/dmp/pid.3776.0x7ff7ebd70000.dmp,34404,11,0,0,240,34,523,14,28,614400,241664,4096,193856,4096,1.40703E+14,4096,4096,10,0,10,0,10,0,0,864256,4096,0,2,49504,524288,8192,1048576,4096,0,16
E:/sampel/case2_bangbernad/dmp/pid.3812.0x7ff702780000.dmp,34404,7,0,0,240,34,523,14,28,28672,36864,0,21376,4096,1.40699E+14,4096,4096,10,0,10,0,10,0,0,69632,4096,131198,2,49504,524288,16384,1048576,4096,0,16
E:/sampel/case2_bangbernad/dmp/pid.3892.0x7ff702780000.dmp,34404,7,0,0,240,34,523,14,28,28672,36864,0,21376,4096,1.40699E+14,4096,4096,10,0,10,0,10,0,0,69632,4096,131198,2,49504,524288,16384,1048576,4096,0,16
E:/sampel/case2_bangbernad/dmp/pid.4156.0x7ff702780000.dmp,34404,7,0,0,240,34,523,14,28,28672,36864,0,21376,4096,1.40699E+14,4096,4096,10,0,10,0,10,0,0,69632,4096,131198,2,49504,524288,16384,1048576,4096,0,16
E:/sampel/case2_bangbernad/dmp/pid.4204.0x7ff702780000.dmp,34404,7,0,0,240,34,523,14,28,28672,36864,0,21376,4096,1.40699E+14,4096,4096,10,0,10,0,10,0,0,69632,4096,131198,2,49504,524288,16384,1048576,4096,0,16
E:/sampel/case2_bangbernad/dmp/pid.4212.0xd60000.dmp,332,3,0,0,224,258,267,48,0,37376,102400,0,45518,8192,14024704,8192,512,4,0,0,0,6,0,0,163840,512,183537,2,34144,1048576,4096,1048576,4096,0,16
E:/sampel/case2_bangbernad/dmp/pid.4220.0x7ff702780000.dmp,34404,7,0,0,240,34,523,14,28,28672,36864,0,21376,4096,1.40699E+14,4096,4096,10,0,10,0,10,0,0,69632,4096,131198,2,49504,524288,16384,1048576,4096,0,16
E:/sampel/case2_bangbernad/dmp/pid.4228.0x20f2aec0000.dmp,34404,2,0,0,240,34,523,48,0,57856,2048,0,0,8192,2.26417E+12,8192,512,4,0,0,0,6,0,0,81920,512,135550,2,34144,4194304,16384,1048576,8192,0,16
E:/sampel/case2_bangbernad/dmp/pid.4236.0x7ff702780000.dmp,34404,7,0,0,240,34,523,14,28,28672,36864,0,21376,4096,1.40699E+14,4096,4096,10,0,10,0,10,0,0,69632,4096,131198,2,49504,524288,16384,1048576,4096,0,16
E:/sampel/case2_bangbernad/dmp/pid.4252.0xec0000.dmp,332,5,0,0,224,258,267,14,16,2560,156160,0,5424,4096,15466496,4096,512,5,1,0,0,5,1,0,176128,1024,187914,2,50624,1048576,4096,1048576,4096,0,16
E:/sampel/case2_bangbernad/dmp/pid.4264.0x4c0000.dmp,332,3,0,0,224,258,267,11,0,16384,2048,0,24334,8192,4980736,8192,512,4,0,0,0,6,0,0,40960,512,0,2,34144,1048576,4096,1048576,4096,0,16
E:/sampel/case2_bangbernad/dmp/pid.4276.0x7ff6944e0000.dmp,34404,13,0,0,240,34,523,14,0,2442752,686080,0,914160,4096,1.40697E+14,4096,512,5,2,0,0,5,2,0,3207168,1024,3150154,2,49504,8388608,4096,1048576,4096,0,16
E:/sampel/case2_bangbernad/dmp/pid.4280.0x7ff702780000.dmp,34404,7,0,0,240,34,523,14,28,28672,36864,0,21376,4096,1.40699E+14,4096,4096,10,0,10,0,10,0,0,69632,4096,131198,2,49504,524288,16384,1048576,4096,0,16
E:/sampel/case2_bangbernad/dmp/pid.4288.0x7ff6f5200000.dmp,34404,6,0,0,240,34,523,14,15,509440,197120,0,114596,4096,1.40699E+14,4096,512,6,0,0,0,6,0,0,720896,1024,793493,3,33120,1048576,4096,1048576,4096,0,16
E:/sampel/case2_bangbernad/dmp/pid.4296.0x7ff702780000.dmp,34404,7,0,0,240,34,523,14,28,28672,36864,0,21376,4096,1.40699E+14,4096,4096,10,0,10,0,10,0,0,69632,4096,131198,2,49504,524288,16384,1048576,4096,0,16
E:/sampel/case2_bangbernad/dmp/pid.4308.0x7ff702780000.dmp,34404,7,0,0,240,34,523,14,28,28672,36864,0,21376,4096,1.40699E+14,4096,4096,10,0,10,0,10,0,0,69632,4096,131198,2,49504,524288,16384,1048576,4096,0,16
E:/sampel/case2_bangbernad/dmp/pid.4332.0x7ff73d250000.dmp,34404,7,0,0,240,34,523,14,16,761856,2684416,0,701524,4096,1.407E+14,4096,512,6,0,0,0,6,0,0,3465216,1024,3501825,2,33120,1048576,4096,1048576,4096,0,16
E:/sampel/case2_bangbernad/dmp/pid.4340.0x7ff6ff930000.dmp,34404,8,0,0,240,34,523,14,29,655872,338432,0,224208,4096,1.40699E+14,4096,512,6,0,0,0,6,0,0,1032192,1024,1045044,2,49504,1048576,4096,1048576,4096,0,16
E:/sampel/case2_bangbernad/dmp/pid.4356.0x140000.dmp,332,5,0,0,224,258,267,14,29,58368,73728,0,8483,4096,1310720,4096,512,6,0,0,0,6,0,0,151552,1024,0,3,33088,1048576,4096,1048576,4096,0,16
E:/sampel/case2_bangbernad/dmp/pid.4364.0x7ff702780000.dmp,34404,7,0,0,240,34,523,14,28,28672,36864,0,21376,4096,1.40699E+14,4096,4096,10,0,10,0,10,0,0,69632,4096,131198,2,49504,524288,16384,1048576,4096,0,16
E:/sampel/case2_bangbernad/dmp/pid.4396.0x7ff7a0c40000.dmp,34404,7,0,0,240,34,523,14,28,5470208,3702784,0,1688880,4096,1.40702E+14,4096,512,6,1,0,0,6,1,0,9220096,1024,9203678,2,49504,1048576,4096,1048576,4096,0,16
E:/sampel/case2_bangbernad/dmp/pid.4404.0x230000.dmp,332,8,0,0,224,258,267,14,16,433152,91648,0,39808,4096,2293760,4096,512,6,0,0,0,6,0,0,540672,1024,593909,3,49472,1048576,4096,1048576,4096,0,16
E:/sampel/case2_bangbernad/dmp/pid.4436.0x7ff76fed0000.dmp,34404,9,0,0,240,34,523,14,28,10696192,5731840,0,9954064,4096,1.40701E+14,4096,512,6,0,0,0,6,0,0,16453632,1024,16241485,3,49504,1048576,4096,1048576,4096,0,16
E:/sampel/case2_bangbernad/dmp/pid.4584.0x7ff702780000.dmp,34404,7,0,0,240,34,523,14,28,28672,36864,0,21376,4096,1.40699E+14,4096,4096,10,0,10,0,10,0,0,69632,4096,131198,2,49504,524288,16384,1048576,4096,0,16
E:/sampel/case2_bangbernad/dmp/pid.4648.0x7ff702780000.dmp,34404,7,0,0,240,34,523,14,28,28672,36864,0,21376,4096,1.40699E+14,4096,4096,10,0,10,0,10,0,0,69632,4096,131198,2,49504,524288,16384,1048576,4096,0,16
E:/sampel/case2_bangbernad/dmp/pid.4892.0x7ff70c6b0000.dmp,34404,7,0,0,240,34,523,14,23,422912,203264,0,235040,4096,1.40699E+14,4096,512,6,0,0,0,6,0,0,647168,1024,669883,3,49632,1048576,4096,1048576,4096,0,16
E:/sampel/case2_bangbernad/dmp/pid.4960.0x7ff6944e0000.dmp,34404,13,0,0,240,34,523,14,0,2442752,686080,0,914160,4096,1.40697E+14,4096,512,5,2,0,0,5,2,0,3207168,1024,3150154,2,49504,8388608,4096,1048576,4096,0,16
E:/sampel/case2_bangbernad/dmp/pid.5496.0x7ff702780000.dmp,34404,7,0,0,240,34,523,14,28,28672,36864,0,21376,4096,1.40699E+14,4096,4096,10,0,10,0,10,0,0,69632,4096,131198,2,49504,524288,16384,1048576,4096,0,16
E:/sampel/case2_bangbernad/dmp/pid.5604.0x7ff6e9a60000.dmp,34404,7,0,0,240,34,523,14,28,204800,86016,0,142752,4096,1.40698E+14,4096,4096,10,0,10,0,6,2,0,294912,4096,334678,2,49504,524288,8192,1048576,4096,0,16
E:/sampel/case2_bangbernad/dmp/pid.5660.0x7ff702780000.dmp,34404,7,0,0,240,34,523,14,28,28672,36864,0,21376,4096,1.40699E+14,4096,4096,10,0,10,0,10,0,0,69632,4096,131198,2,49504,524288,16384,1048576,4096,0,16
E:/sampel/case2_bangbernad/dmp/pid.5716.0x7ff64a150000.dmp,34404,6,0,0,240,34,523,14,28,196608,86016,0,180080,4096,1.40696E+14,4096,4096,10,0,10,0,10,0,0,286720,4096,305027,3,49504,524288,8192,1048576,4096,0,16
E:/sampel/case2_bangbernad/dmp/pid.5800.0x560000.dmp,332,5,0,0,224,258,267,14,16,133632,231424,0,30736,4096,5636096,4096,512,6,0,0,0,6,0,0,376832,1024,426133,2,49472,1048576,4096,1048576,4096,0,16
E:/sampel/case2_bangbernad/dmp/pid.5972.0x7ff77a250000.dmp,34404,10,0,0,240,34,523,14,28,52342272,22671360,0,50065472,4096,1.40701E+14,4096,512,6,0,0,0,6,0,0,75034624,1024,71966753,2,49504,1048576,4096,1048576,4096,0,16
E:/sampel/case2_bangbernad/dmp/pid.5988.0x7ff760c50000.dmp,34404,7,0,0,240,34,523,14,28,311296,196608,0,82976,4096,1.407E+14,4096,4096,10,0,10,0,10,0,0,512000,4096,515214,2,49504,524288,65536,1048576,4096,0,16
E:/sampel/case2_bangbernad/dmp/pid.6020.0x7ff7aef40000.dmp,34404,7,0,0,240,34,523,14,28,32768,36864,0,5424,4096,1.40702E+14,4096,4096,10,0,10,0,10,0,0,73728,4096,108275,2,49504,524288,49152,1048576,4096,0,16
E:/sampel/case2_bangbernad/dmp/pid.6220.0x7ff6ef7b0000.dmp,34404,7,0,0,240,34,523,14,28,81920,57344,0,19440,4096,1.40699E+14,4096,4096,10,0,10,0,10,0,0,143360,4096,179357,2,49504,524288,8192,1048576,4096,0,16
E:/sampel/case2_bangbernad/dmp/pid.6280.0x7ff702780000.dmp,34404,7,0,0,240,34,523,14,28,28672,36864,0,21376,4096,1.40699E+14,4096,4096,10,0,10,0,10,0,0,69632,4096,131198,2,49504,524288,16384,1048576,4096,0,16
E:/sampel/case2_bangbernad/dmp/pid.6320.0x7ff702780000.dmp,34404,7,0,0,240,34,523,14,28,28672,36864,0,21376,4096,1.40699E+14,4096,4096,10,0,10,0,10,0,0,69632,4096,131198,2,49504,524288,16384,1048576,4096,0,16
E:/sampel/case2_bangbernad/dmp/pid.6400.0x7ff702780000.dmp,34404,7,0,0,240,34,523,14,28,28672,36864,0,21376,4096,1.40699E+14,4096,4096,10,0,10,0,10,0,0,69632,4096,131198,2,49504,524288,16384,1048576,4096,0,16
E:/sampel/case2_bangbernad/dmp/pid.6480.0x7ff6619e0000.dmp,34404,7,0,0,240,34,523,14,28,45056,53248,0,21792,4096,1.40696E+14,4096,4096,10,0,10,0,10,0,0,102400,4096,174386,2,49504,524288,32768,1048576,4096,0,16
E:/sampel/case2_bangbernad/dmp/pid.6712.0x7ff702780000.dmp,34404,7,0,0,240,34,523,14,28,28672,36864,0,21376,4096,1.40699E+14,4096,4096,10,0,10,0,10,0,0,69632,4096,131198,2,49504,524288,16384,1048576,4096,0,16
E:/sampel/case2_bangbernad/dmp/pid.6784.0x7ff702780000.dmp,34404,7,0,0,240,34,523,14,28,28672,36864,0,21376,4096,1.40699E+14,4096,4096,10,0,10,0,10,0,0,69632,4096,131198,2,49504,524288,16384,1048576,4096,0,16
E:/sampel/case2_bangbernad/dmp/pid.696.0x7ff62e260000.dmp,34404,6,0,0,240,34,523,14,28,90112,73728,0,4624,4096,1.40695E+14,4096,4096,10,0,10,0,10,0,0,167936,4096,203077,1,16736,524288,12288,1048576,4096,0,16
E:/sampel/case2_bangbernad/dmp/pid.7016.0x7ff729030000.dmp,34404,6,0,0,240,34,523,14,28,4096,20480,0,4432,4096,1.407E+14,4096,4096,10,0,10,0,10,0,0,28672,4096,63518,2,49504,524288,8192,1048576,4096,0,16
E:/sampel/case2_bangbernad/dmp/pid.7348.0x7ff7a4f20000.dmp,34404,8,0,0,240,34,523,14,28,2879488,2105344,4096,262496,4096,1.40702E+14,4096,4096,10,0,10,0,10,0,0,4993024,4096,5064285,2,49600,524288,57344,1048576,4096,0,16
E:/sampel/case2_bangbernad/dmp/pid.7508.0x7ff6ff930000.dmp,34404,8,0,0,240,34,523,14,29,655872,338432,0,224208,4096,1.40699E+14,4096,512,6,0,0,0,6,0,0,1032192,1024,1045044,2,49504,1048576,4096,1048576,4096,0,16
E:/sampel/case2_bangbernad/dmp/pid.7536.0x7ff6ff930000.dmp,34404,8,0,0,240,34,523,14,29,655872,338432,0,224208,4096,1.40699E+14,4096,512,6,0,0,0,6,0,0,1032192,1024,1045044,2,49504,1048576,4096,1048576,4096,0,16
E:/sampel/case2_bangbernad/dmp/pid.7648.0x7ff702780000.dmp,34404,7,0,0,240,34,523,14,28,28672,36864,0,21376,4096,1.40699E+14,4096,4096,10,0,10,0,10,0,0,69632,4096,131198,2,49504,524288,16384,1048576,4096,0,16
E:/sampel/case2_bangbernad/dmp/pid.7896.0x7ff702780000.dmp,34404,7,0,0,240,34,523,14,28,28672,36864,0,21376,4096,1.40699E+14,4096,4096,10,0,10,0,10,0,0,69632,4096,131198,2,49504,524288,16384,1048576,4096,0,16
E:/sampel/case2_bangbernad/dmp/pid.8012.0x7ff702780000.dmp,34404,7,0,0,240,34,523,14,28,28672,36864,0,21376,4096,1.40699E+14,4096,4096,10,0,10,0,10,0,0,69632,4096,131198,2,49504,524288,16384,1048576,4096,0,16
E:/sampel/case2_bangbernad/dmp/pid.8084.0x7ff702780000.dmp,34404,7,0,0,240,34,523,14,28,28672,36864,0,21376,4096,1.40699E+14,4096,4096,10,0,10,0,10,0,0,69632,4096,131198,2,49504,524288,16384,1048576,4096,0,16
E:/sampel/case2_bangbernad/dmp/pid.8508.0x7ff702780000.dmp,34404,7,0,0,240,34,523,14,28,28672,36864,0,21376,4096,1.40699E+14,4096,4096,10,0,10,0,10,0,0,69632,4096,131198,2,49504,524288,16384,1048576,4096,0,16
E:/sampel/case2_bangbernad/dmp/pid.8736.0x430000.dmp,332,6,0,0,224,258,267,14,28,230400,108032,0,118912,4096,4390912,4096,512,6,0,0,0,6,0,0,360448,1024,368484,2,49472,1048576,4096,1048576,4096,0,16
E:/sampel/case2_bangbernad/dmp/pid.8768.0x7ff748630000.dmp,34404,8,0,0,240,34,523,14,28,263168,140288,0,131328,4096,1.407E+14,4096,512,6,0,0,0,6,0,0,430080,1024,469487,2,49504,1048576,4096,1048576,4096,0,16
E:/sampel/case2_bangbernad/dmp/pid.8808.0x7ff702780000.dmp,34404,7,0,0,240,34,523,14,28,28672,36864,0,21376,4096,1.40699E+14,4096,4096,10,0,10,0,10,0,0,69632,4096,131198,2,49504,524288,16384,1048576,4096,0,16
E:/sampel/case2_bangbernad/dmp/pid.9040.0x7ff7f96d0000.dmp,34404,10,0,0,240,34,523,14,0,657920,317952,0,470104,4096,1.40703E+14,4096,512,6,0,0,0,6,0,0,1011712,1024,1007731,2,33120,1048576,4096,1048576,4096,0,16
E:/sampel/case2_bangbernad/dmp/pid.9056.0xac0000.dmp,332,5,0,0,224,258,267,14,16,2560,414720,0,5424,4096,11272192,4096,512,5,1,0,0,5,1,0,434176,1024,476561,2,50624,1048576,4096,1048576,4096,0,16
E:/sampel/case2_bangbernad/dmp/pid.9388.0x260000.dmp,332,3,0,0,224,258,267,48,0,2344448,110080,0,2352150,8192,2490368,8192,512,4,0,0,0,6,0,0,2482176,512,2470067,2,34144,1048576,4096,1048576,4096,0,16
E:/sampel/case2_bangbernad/dmp/pid.9448.0x7ff702780000.dmp,34404,7,0,0,240,34,523,14,28,28672,36864,0,21376,4096,1.40699E+14,4096,4096,10,0,10,0,10,0,0,69632,4096,131198,2,49504,524288,16384,1048576,4096,0,16
E:/sampel/case2_bangbernad/dmp/pid.9512.0x7ff734730000.dmp,34404,6,0,0,240,34,523,14,28,2560,7680,0,4848,4096,1.407E+14,4096,512,6,2,0,0,6,2,0,28672,1024,41959,2,53600,1048576,4096,1048576,4096,0,16
E:/sampel/case2_bangbernad/dmp/pid.9700.0x7ff62c6c0000.dmp,34404,5,0,0,240,34,523,14,28,668672,326144,0,81904,4096,1.40695E+14,4096,512,10,0,10,0,6,2,0,1007616,1024,1041395,2,53600,1048576,4096,1048576,4096,0,16
E:/sampel/case2_bangbernad/dmp/pid.972.0x7ff66a820000.dmp,34404,6,0,0,240,34,523,14,28,4096,20480,0,4112,4096,1.40696E+14,4096,4096,10,0,10,0,10,0,0,28672,4096,37874,1,16736,262144,32768,1048576,4096,0,16
E:/sampel/case2_bangbernad/dmp/pid.980.0x7ff699900000.dmp,34404,8,0,0,240,34,523,14,28,65536,53248,4096,29120,4096,1.40697E+14,4096,4096,10,0,10,0,10,0,0,126976,4096,148567,2,49632,524288,49152,1048576,4096,0,16
E:/sampel/case2_bangbernad/dmp/pid.9836.0x7ff699900000.dmp,34404,8,0,0,240,34,523,14,28,65536,53248,4096,29120,4096,1.40697E+14,4096,4096,10,0,10,0,10,0,0,126976,4096,148567,2,49632,524288,49152,1048576,4096,0,16
E:/sampel/case2_bangbernad/dmp/pid.9944.0x7ff699900000.dmp,34404,8,0,0,240,34,523,14,28,65536,53248,4096,29120,4096,1.40697E+14,4096,4096,10,0,10,0,10,0,0,126976,4096,148567,2,49632,524288,49152,1048576,4096,0,16
