E:/sampel/cridex/pid.1004.0x1000000.dmp,332,3,0,0,224,271,267,7,10,11264,2560,0,9481,4096,16777216,4096,512,5,1,5,1,4,0,0,24576,1024,21408,2,33792,262144,16384,1048576,4096,0,16,1
E:/sampel/cridex/pid.1056.0x1000000.dmp,332,3,0,0,224,271,267,7,10,11264,2560,0,9481,4096,16777216,4096,512,5,1,5,1,4,0,0,24576,1024,21408,2,33792,262144,16384,1048576,4096,0,16,1
E:/sampel/cridex/pid.1136.0x400000.dmp,332,3,0,0,224,271,267,7,10,75264,36864,0,47829,4096,4194304,4096,512,5,1,5,1,4,0,0,122880,1024,167221,2,32768,262144,4096,1048576,4096,0,16,1
E:/sampel/cridex/pid.1220.0x1000000.dmp,332,3,0,0,224,271,267,7,10,11264,2560,0,9481,4096,16777216,4096,512,5,1,5,1,4,0,0,24576,1024,21408,2,33792,262144,16384,1048576,4096,0,16,1
E:/sampel/cridex/pid.1484.0x1000000.dmp,332,4,0,0,224,270,267,7,10,282112,752128,0,107871,4096,16777216,4096,512,5,1,5,1,4,10,0,1044480,1024,1059628,2,32768,262144,57344,1048576,4096,0,16,1
E:/sampel/cridex/pid.1512.0x1000000.dmp,332,3,0,0,224,287,267,7,10,48128,8704,0,17947,4096,16777216,4096,512,5,1,5,1,4,0,0,65536,1024,104821,2,32768,262144,32768,1048576,4096,0,16,0
E:/sampel/cridex/pid.1588.0x400000.dmp,332,3,0,0,224,271,267,7,10,75264,36864,0,47829,4096,4194304,4096,512,5,1,5,1,4,0,0,122880,1024,167221,2,32768,262144,4096,1048576,4096,0,16,1
E:/sampel/cridex/pid.1640.0x400000.dmp,332,4,0,0,224,259,267,8,0,13824,14336,0,15780,4096,4194304,4096,512,4,0,0,0,4,0,0,40960,1024,54432,2,0,1048576,4096,1048576,4096,0,16,1
E:/sampel/cridex/pid.368.0x48580000.dmp,332,4,0,0,224,286,267,7,10,44032,7168,0,42184,4096,1213726720,4096,512,5,1,5,1,5,1,0,61440,1024,85702,1,0,262144,12288,1048576,4096,0,16,1
E:/sampel/cridex/pid.584.0x4a680000.dmp,332,4,0,0,224,270,267,7,10,3072,2048,0,4515,4096,1248329728,4096,512,5,1,5,1,5,1,0,20480,1024,69162,1,0,262144,12288,1048576,4096,0,16,1
E:/sampel/cridex/pid.608.0x1000000.dmp,332,3,0,0,224,287,267,7,10,461312,57856,0,255457,4096,16777216,4096,512,5,1,21315,20512,4,0,0,528384,1024,550264,2,32768,262144,20480,1048576,4096,0,16,0
E:/sampel/cridex/pid.652.0x1000000.dmp,332,3,0,0,224,287,267,7,10,102400,5120,0,49499,4096,16777216,4096,512,5,1,5,1,4,0,0,114688,1024,168242,2,32768,262144,16384,1048576,4096,0,16,0
E:/sampel/cridex/pid.664.0x1000000.dmp,332,3,0,0,224,303,267,7,10,4608,7680,0,5309,4096,16777216,4096,512,5,1,5,1,4,0,0,24576,1024,65884,2,32768,262144,24576,1048576,4096,0,16,1
E:/sampel/cridex/pid.788.0x1000000.dmp,332,3,0,0,224,271,267,7,10,35328,8704,0,23494,4096,16777216,4096,512,5,1,5,1,4,0,0,53248,1024,73645,2,32768,262144,4096,1048576,4096,0,16,1
E:/sampel/cridex/pid.824.0x1000000.dmp,332,3,0,0,224,271,267,7,10,11264,2560,0,9481,4096,16777216,4096,512,5,1,5,1,4,0,0,24576,1024,21408,2,33792,262144,16384,1048576,4096,0,16,1
E:/sampel/cridex/pid.908.0x1000000.dmp,332,3,0,0,224,271,267,7,10,11264,2560,0,9481,4096,16777216,4096,512,5,1,5,1,4,0,0,24576,1024,21408,2,33792,262144,16384,1048576,4096,0,16,1
E:/sampel/shylock/pid.1040.0x1000000.dmp,332,4,0,0,224,258,267,9,0,5632,5120,0,6076,4096,16777216,4096,512,6,1,6,1,5,0,0,24576,1024,57130,2,33216,262144,24576,1048576,4096,0,16,0
E:/sampel/shylock/pid.1076.0x1000000.dmp,332,3,0,0,224,271,267,7,10,11264,2560,0,9481,4096,16777216,4096,512,5,1,5,1,4,0,0,24576,1024,21408,2,33792,262144,16384,1048576,4096,0,16,0
E:/sampel/shylock/pid.1336.0x1000000.dmp,332,3,0,0,224,271,267,7,10,11264,2560,0,9481,4096,16777216,4096,512,5,1,5,1,4,0,0,24576,1024,21408,2,33792,262144,16384,1048576,4096,0,16,1
E:/sampel/shylock/pid.1516.0x1000000.dmp,332,3,0,0,224,287,267,7,10,49152,8704,0,17979,4096,16777216,4096,512,5,1,5,1,4,0,0,65536,1024,123495,2,32768,262144,32768,1048576,4096,0,16,0
E:/sampel/shylock/pid.1752.0x1000000.dmp,332,4,0,0,224,270,267,7,10,282112,752128,0,107871,4096,16777216,4096,512,5,1,5,1,4,10,0,1044480,1024,1059628,2,32768,262144,57344,1048576,4096,0,16,1
E:/sampel/shylock/pid.1876.0x400000.dmp,332,4,0,0,224,259,267,8,0,8192,167936,0,8626,4096,4194304,4096,4096,4,0,0,0,4,0,0,180224,4096,213978,2,0,1048576,4096,1048576,4096,0,16,1
E:/sampel/shylock/pid.1888.0x400000.dmp,332,4,0,0,224,259,267,8,0,733184,360448,0,665867,4096,4194304,4096,4096,4,0,0,0,4,0,0,1540096,4096,1144066,2,0,1048576,4096,1048576,4096,0,16,0
E:/sampel/shylock/pid.1900.0x1000000.dmp,332,4,0,0,224,258,267,8,0,716288,367616,0,89237,4096,16777216,4096,512,6,0,6,0,5,1,0,1093632,1024,1148975,2,33088,262144,8192,1048576,4096,0,16,1
E:/sampel/shylock/pid.1912.0x400000.dmp,332,3,0,0,224,271,267,7,10,11264,3584,0,11829,4096,4194304,4096,512,5,1,5,1,4,0,0,24576,1024,20166,2,32768,262144,4096,1048576,4096,0,16,1
E:/sampel/shylock/pid.200.0x400000.dmp,332,4,0,0,224,259,267,8,0,16896,25600,0,18215,4096,4194304,4096,512,4,0,0,0,4,0,0,57344,1024,84402,3,0,1048576,4096,1048576,4096,0,16,1
E:/sampel/shylock/pid.2000.0x1000000.dmp,332,3,0,0,224,271,267,7,10,11264,2560,0,9481,4096,16777216,4096,512,5,1,5,1,4,0,0,24576,1024,21408,2,33792,262144,16384,1048576,4096,0,16,0
E:/sampel/shylock/pid.2028.0x1000000.dmp,332,3,0,0,224,271,267,7,10,10240,2560,0,10226,4096,16777216,4096,512,5,1,5,1,4,0,0,24576,1024,33942,2,32768,262144,4096,1048576,4096,0,16,1
E:/sampel/shylock/pid.2272.0x1000000.dmp,332,3,0,0,224,271,267,7,10,35328,8704,0,23494,4096,16777216,4096,512,5,1,5,1,4,0,0,53248,1024,73645,2,32768,262144,4096,1048576,4096,0,16,1
E:/sampel/shylock/pid.2396.0x1000000.dmp,332,3,0,0,224,271,267,7,10,62976,18944,0,62190,4096,16777216,4096,512,5,1,5,1,4,0,0,90112,1024,123829,2,32768,262144,4096,1048576,4096,0,16,1
E:/sampel/shylock/pid.3372.0x400000.dmp,332,4,0,0,224,271,267,6,0,278528,184320,0,149036,4096,4194304,4096,4096,4,0,0,0,4,0,0,466944,4096,515769,3,0,1048576,4096,1048576,4096,0,16,0
E:/sampel/shylock/pid.3756.0x4ad00000.dmp,332,3,0,0,224,271,267,7,10,129024,259584,0,20550,4096,1255145472,4096,512,5,1,5,1,4,0,0,397312,1024,436699,3,32768,1048576,1048576,1048576,4096,0,16,0
E:/sampel/shylock/pid.424.0x400000.dmp,332,4,0,0,224,259,267,8,0,102400,61440,0,94333,4096,4194304,4096,4096,4,0,0,0,4,0,0,167936,4096,190368,3,0,1048576,4096,1048576,4096,0,16,0
E:/sampel/shylock/pid.612.0x4a680000.dmp,332,4,0,0,224,270,267,7,10,3072,2048,0,4515,4096,1248329728,4096,512,5,1,5,1,5,1,0,20480,1024,69162,1,0,262144,12288,1048576,4096,0,16,1
E:/sampel/shylock/pid.636.0x1000000.dmp,332,3,0,0,224,287,267,7,10,461312,57856,0,255457,4096,16777216,4096,512,5,1,21315,20512,4,0,0,528384,1024,550264,2,32768,262144,20480,1048576,4096,0,16,1
E:/sampel/shylock/pid.692.0x1000000.dmp,332,3,0,0,224,303,267,7,10,4608,7680,0,5309,4096,16777216,4096,512,5,1,5,1,4,0,0,24576,1024,65884,2,32768,262144,24576,1048576,4096,0,16,1
E:/sampel/shylock/pid.868.0x1000000.dmp,332,3,0,0,224,271,267,7,10,11264,2560,0,9481,4096,16777216,4096,512,5,1,5,1,4,0,0,24576,1024,21408,2,33792,262144,16384,1048576,4096,0,16,0
E:/sampel/shylock/pid.944.0x1000000.dmp,332,3,0,0,224,271,267,7,10,11264,2560,0,9481,4096,16777216,4096,512,5,1,5,1,4,0,0,24576,1024,21408,2,33792,262144,16384,1048576,4096,0,16,0
E:/sampel/trojanr2d2/pid.1020.0x1000000.dmp,332,3,0,0,224,271,267,7,10,11264,2048,0,9481,4096,16777216,4096,512,5,1,5,1,4,0,0,24576,1024,40157,2,33792,262144,16384,1048576,4096,0,16,1
E:/sampel/trojanr2d2/pid.1148.0x1000000.dmp,332,3,0,0,224,271,267,7,10,11264,2048,0,9481,4096,16777216,4096,512,5,1,5,1,4,0,0,24576,1024,40157,2,33792,262144,16384,1048576,4096,0,16,1
E:/sampel/trojanr2d2/pid.1260.0x1000000.dmp,332,3,0,0,224,287,267,7,10,48128,8704,0,25466,4096,16777216,4096,512,5,1,5,1,4,0,0,65536,1024,115721,2,32768,262144,32768,1048576,4096,0,16,0
E:/sampel/trojanr2d2/pid.1444.0x400000.dmp,332,4,0,0,224,259,267,8,0,315392,217088,0,102146,4096,4194304,4096,4096,4,0,0,0,4,0,0,897024,4096,603036,3,0,1048576,4096,1048576,4096,0,16,0
E:/sampel/trojanr2d2/pid.1616.0x1000000.dmp,332,3,0,0,224,271,267,7,10,35328,8704,0,23494,4096,16777216,4096,512,5,1,5,1,4,0,0,53248,1024,82117,2,32768,262144,4096,1048576,4096,0,16,1
E:/sampel/trojanr2d2/pid.184.0x400000.dmp,332,4,0,0,224,259,267,8,0,184320,221184,0,18166,4096,4194304,4096,4096,4,0,0,0,4,0,0,417792,4096,439615,2,0,1048576,4096,1048576,4096,0,16,0
E:/sampel/trojanr2d2/pid.192.0x400000.dmp,332,4,0,0,224,259,267,8,0,540672,282624,0,225344,4096,4194304,4096,4096,4,0,0,0,4,0,0,1273856,4096,868211,2,0,1048576,4096,1048576,4096,0,16,0
E:/sampel/trojanr2d2/pid.1920.0x1000000.dmp,332,3,0,0,224,271,267,7,10,10240,2560,0,10226,4096,16777216,4096,512,5,1,5,1,4,0,0,24576,1024,29788,2,32768,262144,4096,1048576,4096,0,16,1
E:/sampel/trojanr2d2/pid.1956.0x1000000.dmp,332,4,0,0,224,270,267,7,10,280576,752128,0,123470,4096,16777216,4096,512,5,1,5,1,4,10,0,1044480,1024,1083401,2,32768,262144,57344,1048576,4096,0,16,1
E:/sampel/trojanr2d2/pid.228.0x400000.dmp,332,4,0,0,224,259,267,8,0,13824,14336,0,15780,4096,4194304,4096,512,4,0,0,0,4,0,0,40960,1024,54432,2,0,1048576,4096,1048576,4096,0,16,1
E:/sampel/trojanr2d2/pid.400.0x400000.dmp,332,3,0,0,224,271,267,7,10,75264,36864,0,47829,4096,4194304,4096,512,5,1,5,1,4,0,0,122880,1024,147950,2,32768,262144,4096,1048576,4096,0,16,1
E:/sampel/trojanr2d2/pid.536.0x48580000.dmp,332,4,0,0,224,286,267,7,10,44032,7168,0,42184,4096,1213726720,4096,512,5,1,5,1,5,1,0,61440,1024,68809,1,0,262144,12288,1048576,4096,0,16,1
E:/sampel/trojanr2d2/pid.544.0x4ad00000.dmp,332,3,0,0,224,271,267,7,10,128512,259584,0,20566,4096,1255145472,4096,512,5,1,5,1,4,0,0,397312,1024,402580,3,32768,1048576,1048576,1048576,4096,0,16,1
E:/sampel/trojanr2d2/pid.608.0x4a680000.dmp,332,4,0,0,224,270,267,7,10,3072,2048,0,4515,4096,1248329728,4096,512,5,1,5,1,5,1,0,20480,1024,64534,1,0,262144,12288,1048576,4096,0,16,1
E:/sampel/trojanr2d2/pid.632.0x1000000.dmp,332,3,0,0,224,287,267,7,10,455680,57344,0,250707,4096,16777216,4096,512,5,1,21315,20512,4,0,0,524288,1024,512549,2,32768,262144,20480,1048576,4096,0,16,1
E:/sampel/trojanr2d2/pid.676.0x1000000.dmp,332,3,0,0,224,287,267,7,10,102400,5120,0,46540,4096,16777216,4096,512,5,1,5,1,4,0,0,114688,1024,128210,2,32768,262144,16384,1048576,4096,0,16,1
E:/sampel/trojanr2d2/pid.688.0x1000000.dmp,332,3,0,0,224,303,267,7,10,4608,7680,0,5309,4096,16777216,4096,512,5,1,5,1,4,0,0,24576,1024,73925,2,32768,262144,24576,1048576,4096,0,16,1
E:/sampel/trojanr2d2/pid.832.0x400000.dmp,332,4,0,0,224,259,267,8,0,204800,143360,0,186737,4096,4194304,4096,4096,4,0,0,0,4,0,0,360448,4096,423151,3,0,1048576,4096,1048576,4096,0,16,0
E:/sampel/trojanr2d2/pid.848.0x1000000.dmp,332,3,0,0,224,271,267,7,10,11264,2048,0,9481,4096,16777216,4096,512,5,1,5,1,4,0,0,24576,1024,40157,2,33792,262144,16384,1048576,4096,0,16,1
E:/sampel/trojanr2d2/pid.916.0x1000000.dmp,332,3,0,0,224,271,267,7,10,11264,2048,0,9481,4096,16777216,4096,512,5,1,5,1,4,0,0,24576,1024,40157,2,33792,262144,16384,1048576,4096,0,16,1
E:/sampel/trojanr2d2/pid.964.0x1000000.dmp,332,3,0,0,224,271,267,7,10,11264,2048,0,9481,4096,16777216,4096,512,5,1,5,1,4,0,0,24576,1024,40157,2,33792,262144,16384,1048576,4096,0,16,1
E:/sampel/wannacry/pid.1180.0xff490000.dmp,34404,6,0,0,240,34,523,9,0,36864,30720,0,11488,4096,4282974208,4096,512,6,1,6,1,6,1,0,81920,1536,111399,2,33088,524288,32768,1048576,4096,0,16,0
E:/sampel/wannacry/pid.1276.0xffb90000.dmp,34404,6,0,0,240,34,523,9,0,256000,115712,0,43444,4096,4290314240,4096,512,6,1,6,1,6,1,0,389120,1024,384436,2,33088,524288,65536,1048576,4096,0,16,0
E:/sampel/wannacry/pid.1340.0xfff90000.dmp,34404,6,0,0,240,34,523,9,0,752640,2119680,0,178064,4096,4294508544,4096,512,6,1,6,1,6,1,0,2883584,1536,2892766,2,33088,524288,57344,1048576,4096,0,16,0
E:/sampel/wannacry/pid.1524.0x13fda0000.dmp,34404,6,0,0,240,34,523,14,15,33792,45056,0,32752,4096,5366218752,4096,512,6,0,0,0,6,0,0,98304,1024,94995,2,49504,1048576,4096,1048576,4096,0,16,0
E:/sampel/wannacry/pid.1588.0x13fda0000.dmp,34404,6,0,0,240,34,523,14,15,33792,45056,0,32752,4096,5366218752,4096,512,6,0,0,0,6,0,0,98304,1024,94995,2,49504,1048576,4096,1048576,4096,0,16,0
E:/sampel/wannacry/pid.1696.0xff910000.dmp,34404,5,0,0,240,34,523,9,0,1525248,76800,0,1247236,4096,4287692800,4096,512,6,1,6,1,6,1,0,1617920,1536,1602824,2,33088,524288,8192,1048576,4096,0,16,0
E:/sampel/wannacry/pid.2092.0xaf0000.dmp,332,8,0,0,224,782,267,2,22,2344960,3097600,18432,5344,4096,11468800,4096,512,4,0,1,0,4,0,0,3137536,1024,3134853,3,320,2097152,4096,1048576,4096,0,16,0
E:/sampel/wannacry/pid.2136.0xff8d0000.dmp,34404,6,0,0,240,34,523,9,0,328192,265216,0,60128,4096,4287430656,4096,512,6,1,6,1,6,1,0,606208,1024,595107,2,33088,524288,32768,1048576,4096,0,16,0
E:/sampel/wannacry/pid.224.0xffb70000.dmp,34404,6,0,0,240,34,523,9,0,12800,13312,0,9324,4096,4290183168,4096,512,6,1,6,1,6,1,0,45056,1536,78167,2,33088,524288,32768,1048576,4096,0,16,0
E:/sampel/wannacry/pid.2324.0xff470000.dmp,34404,6,0,0,240,34,523,9,0,58368,54784,0,9044,4096,4282843136,4096,512,6,1,6,1,6,1,0,131072,1024,170393,3,33088,524288,32768,1048576,4096,0,16,0
E:/sampel/wannacry/pid.2340.0x400000.dmp,332,4,0,0,224,271,267,6,0,81920,159744,0,78082,4096,4194304,4096,4096,4,0,0,0,4,0,0,249856,4096,0,2,0,1048576,4096,1048576,4096,0,16,1
E:/sampel/wannacry/pid.2380.0xff720000.dmp,34404,7,0,0,240,34,523,9,0,250880,86016,0,28512,4096,4285661184,4096,512,6,1,6,1,6,1,0,356352,1024,353420,2,33088,262144,32768,1048576,4096,0,16,0
E:/sampel/wannacry/pid.2464.0x400000.dmp,332,4,0,0,224,271,267,6,0,28672,3481600,0,30650,4096,4194304,4096,4096,4,0,0,0,4,0,0,3514368,4096,0,2,0,1048576,4096,1048576,4096,0,16,1
E:/sampel/wannacry/pid.2556.0xffb90000.dmp,34404,6,0,0,240,34,523,9,0,256000,115712,0,43444,4096,4290314240,4096,512,6,1,6,1,6,1,0,389120,1024,384436,2,33088,524288,65536,1048576,4096,0,16,0
E:/sampel/wannacry/pid.2664.0xff0c0000.dmp,34404,5,0,0,240,34,523,9,0,156160,112640,0,142236,4096,4278976512,4096,512,6,1,6,1,6,1,0,282624,1536,295080,2,33088,524288,8192,1048576,4096,0,16,0
E:/sampel/wannacry/pid.2680.0xffd30000.dmp,34404,6,0,0,240,34,523,9,0,161792,87552,0,38796,4096,4292018176,4096,512,6,1,6,1,6,1,0,266240,1024,255862,3,33088,524288,32768,1048576,4096,0,16,0
E:/sampel/wannacry/pid.2752.0x400000.dmp,332,4,0,0,224,271,267,6,0,81920,159744,0,78082,4096,4194304,4096,4096,4,0,0,0,4,0,0,249856,4096,0,2,0,1048576,4096,1048576,4096,0,16,1
E:/sampel/wannacry/pid.304.0xffb70000.dmp,34404,6,0,0,240,34,523,9,0,12800,13312,0,9324,4096,4290183168,4096,512,6,1,6,1,6,1,0,45056,1536,78167,2,33088,524288,32768,1048576,4096,0,16,0
E:/sampel/wannacry/pid.424.0xff3e0000.dmp,34404,6,0,0,240,34,523,9,0,258048,132096,0,67800,4096,4282253312,4096,512,6,1,6,1,6,1,0,401408,1024,407762,2,33088,524288,57344,1048576,4096,0,16,0
E:/sampel/wannacry/pid.488.0xffba0000.dmp,34404,6,0,0,240,34,523,9,0,248832,77824,0,78608,4096,4290379776,4096,512,6,1,6,1,6,1,0,339968,2048,344865,2,33088,524288,32768,1048576,4096,0,16,0
E:/sampel/wannacry/pid.600.0xffb70000.dmp,34404,6,0,0,240,34,523,9,0,12800,13312,0,9324,4096,4290183168,4096,512,6,1,6,1,6,1,0,45056,1536,78167,2,33088,524288,32768,1048576,4096,0,16,0
E:/sampel/wannacry/pid.676.0xffb70000.dmp,34404,6,0,0,240,34,523,9,0,12800,13312,0,9324,4096,4290183168,4096,512,6,1,6,1,6,1,0,45056,1536,78167,2,33088,524288,32768,1048576,4096,0,16,0
E:/sampel/wannacry/pid.764.0xffb70000.dmp,34404,6,0,0,240,34,523,9,0,12800,13312,0,9324,4096,4290183168,4096,512,6,1,6,1,6,1,0,45056,1536,78167,2,33088,524288,32768,1048576,4096,0,16,0
E:/sampel/wannacry/pid.800.0xffb70000.dmp,34404,6,0,0,240,34,523,9,0,12800,13312,0,9324,4096,4290183168,4096,512,6,1,6,1,6,1,0,45056,1536,78167,2,33088,524288,32768,1048576,4096,0,16,0
E:/sampel/wannacry/pid.824.0xffb70000.dmp,34404,6,0,0,240,34,523,9,0,12800,13312,0,9324,4096,4290183168,4096,512,6,1,6,1,6,1,0,45056,1536,78167,2,33088,524288,32768,1048576,4096,0,16,0
E:/sampel/wannacry/pid.952.0xffb70000.dmp,34404,6,0,0,240,34,523,9,0,12800,13312,0,9324,4096,4290183168,4096,512,6,1,6,1,6,1,0,45056,1536,78167,2,33088,524288,32768,1048576,4096,0,16,0
E:/sampel/vm-secu//dmp/pid.1016.0x7ff76de20000.dmp,34404,7,0,0,240,34,523,14,20,27648,23040,0,20544,4096,1.41E+14,4096,512,10,0,10,0,10,0,0,69632,1024,106746,2,49504,524288,16384,1048576,4096,0,16,0
E:/sampel/vm-secu//dmp/pid.1064.0x7ff76de20000.dmp,34404,7,0,0,240,34,523,14,20,27648,23040,0,20544,4096,1.41E+14,4096,512,10,0,10,0,10,0,0,69632,1024,106746,2,49504,524288,16384,1048576,4096,0,16,0
E:/sampel/vm-secu//dmp/pid.1072.0x7ff76de20000.dmp,34404,7,0,0,240,34,523,14,20,27648,23040,0,20544,4096,1.41E+14,4096,512,10,0,10,0,10,0,0,69632,1024,106746,2,49504,524288,16384,1048576,4096,0,16,0
E:/sampel/vm-secu//dmp/pid.1108.0x7ff76de20000.dmp,34404,7,0,0,240,34,523,14,20,27648,23040,0,20544,4096,1.41E+14,4096,512,10,0,10,0,10,0,0,69632,1024,106746,2,49504,524288,16384,1048576,4096,0,16,0
E:/sampel/vm-secu//dmp/pid.1132.0x7ff76de20000.dmp,34404,7,0,0,240,34,523,14,20,27648,23040,0,20544,4096,1.41E+14,4096,512,10,0,10,0,10,0,0,69632,1024,106746,2,49504,524288,16384,1048576,4096,0,16,0
E:/sampel/vm-secu//dmp/pid.1168.0x7ff759b60000.dmp,34404,8,0,0,240,34,523,14,20,834560,388096,512,197632,4096,1.41E+14,4096,512,10,0,10,0,10,0,0,1245184,1024,1220318,2,49632,524288,8192,1048576,4096,0,16,0
E:/sampel/vm-secu//dmp/pid.1216.0x7ff76de20000.dmp,34404,7,0,0,240,34,523,14,20,27648,23040,0,20544,4096,1.41E+14,4096,512,10,0,10,0,10,0,0,69632,1024,106746,2,49504,524288,16384,1048576,4096,0,16,0
E:/sampel/vm-secu//dmp/pid.1232.0x7ff76de20000.dmp,34404,7,0,0,240,34,523,14,20,27648,23040,0,20544,4096,1.41E+14,4096,512,10,0,10,0,10,0,0,69632,1024,106746,2,49504,524288,16384,1048576,4096,0,16,0
E:/sampel/vm-secu//dmp/pid.1260.0x7ff76de20000.dmp,34404,7,0,0,240,34,523,14,20,27648,23040,0,20544,4096,1.41E+14,4096,512,10,0,10,0,10,0,0,69632,1024,106746,2,49504,524288,16384,1048576,4096,0,16,0
E:/sampel/vm-secu//dmp/pid.1332.0x7ff76de20000.dmp,34404,7,0,0,240,34,523,14,20,27648,23040,0,20544,4096,1.41E+14,4096,512,10,0,10,0,10,0,0,69632,1024,106746,2,49504,524288,16384,1048576,4096,0,16,0
E:/sampel/vm-secu//dmp/pid.1396.0x7ff76de20000.dmp,34404,7,0,0,240,34,523,14,20,27648,23040,0,20544,4096,1.41E+14,4096,512,10,0,10,0,10,0,0,69632,1024,106746,2,49504,524288,16384,1048576,4096,0,16,0
E:/sampel/vm-secu//dmp/pid.1408.0x7ff76de20000.dmp,34404,7,0,0,240,34,523,14,20,27648,23040,0,20544,4096,1.41E+14,4096,512,10,0,10,0,10,0,0,69632,1024,106746,2,49504,524288,16384,1048576,4096,0,16,0
E:/sampel/vm-secu//dmp/pid.1444.0x7ff76de20000.dmp,34404,7,0,0,240,34,523,14,20,27648,23040,0,20544,4096,1.41E+14,4096,512,10,0,10,0,10,0,0,69632,1024,106746,2,49504,524288,16384,1048576,4096,0,16,0
E:/sampel/vm-secu//dmp/pid.1492.0x7ff76de20000.dmp,34404,7,0,0,240,34,523,14,20,27648,23040,0,20544,4096,1.41E+14,4096,512,10,0,10,0,10,0,0,69632,1024,106746,2,49504,524288,16384,1048576,4096,0,16,0
E:/sampel/vm-secu//dmp/pid.1520.0x7ff6c5360000.dmp,34404,9,0,0,240,34,523,14,0,317952,298496,0,117424,4096,1.41E+14,4096,512,6,1,0,0,6,1,0,655360,1024,688997,2,49504,8388608,4096,262144,4096,0,16,0
E:/sampel/vm-secu//dmp/pid.1536.0x7ff76de20000.dmp,34404,7,0,0,240,34,523,14,20,27648,23040,0,20544,4096,1.41E+14,4096,512,10,0,10,0,10,0,0,69632,1024,106746,2,49504,524288,16384,1048576,4096,0,16,0
E:/sampel/vm-secu//dmp/pid.1544.0x7ff76de20000.dmp,34404,7,0,0,240,34,523,14,20,27648,23040,0,20544,4096,1.41E+14,4096,512,10,0,10,0,10,0,0,69632,1024,106746,2,49504,524288,16384,1048576,4096,0,16,0
E:/sampel/vm-secu//dmp/pid.1552.0x7ff76de20000.dmp,34404,7,0,0,240,34,523,14,20,27648,23040,0,20544,4096,1.41E+14,4096,512,10,0,10,0,10,0,0,69632,1024,106746,2,49504,524288,16384,1048576,4096,0,16,0
E:/sampel/vm-secu//dmp/pid.1664.0x7ff76de20000.dmp,34404,7,0,0,240,34,523,14,20,27648,23040,0,20544,4096,1.41E+14,4096,512,10,0,10,0,10,0,0,69632,1024,106746,2,49504,524288,16384,1048576,4096,0,16,0
E:/sampel/vm-secu//dmp/pid.1684.0x7ff76de20000.dmp,34404,7,0,0,240,34,523,14,20,27648,23040,0,20544,4096,1.41E+14,4096,512,10,0,10,0,10,0,0,69632,1024,106746,2,49504,524288,16384,1048576,4096,0,16,0
E:/sampel/vm-secu//dmp/pid.1692.0x7ff76de20000.dmp,34404,7,0,0,240,34,523,14,20,27648,23040,0,20544,4096,1.41E+14,4096,512,10,0,10,0,10,0,0,69632,1024,106746,2,49504,524288,16384,1048576,4096,0,16,0
E:/sampel/vm-secu//dmp/pid.1784.0x7ff76de20000.dmp,34404,7,0,0,240,34,523,14,20,27648,23040,0,20544,4096,1.41E+14,4096,512,10,0,10,0,10,0,0,69632,1024,106746,2,49504,524288,16384,1048576,4096,0,16,0
E:/sampel/vm-secu//dmp/pid.1860.0x7ff6177a0000.dmp,34404,6,0,0,240,34,523,14,30,73728,49152,0,48784,4096,1.41E+14,4096,4096,10,0,10,0,6,1,0,126976,4096,164062,2,49632,524288,65536,1048576,4096,0,16,0
E:/sampel/vm-secu//dmp/pid.1884.0x7ff76de20000.dmp,34404,7,0,0,240,34,523,14,20,27648,23040,0,20544,4096,1.41E+14,4096,512,10,0,10,0,10,0,0,69632,1024,106746,2,49504,524288,16384,1048576,4096,0,16,0
E:/sampel/vm-secu//dmp/pid.1952.0x7ff76de20000.dmp,34404,7,0,0,240,34,523,14,20,27648,23040,0,20544,4096,1.41E+14,4096,512,10,0,10,0,10,0,0,69632,1024,106746,2,49504,524288,16384,1048576,4096,0,16,0
E:/sampel/vm-secu//dmp/pid.2004.0x7ff76de20000.dmp,34404,7,0,0,240,34,523,14,20,27648,23040,0,20544,4096,1.41E+14,4096,512,10,0,10,0,10,0,0,69632,1024,106746,2,49504,524288,16384,1048576,4096,0,16,0
E:/sampel/vm-secu//dmp/pid.2012.0x7ff76de20000.dmp,34404,7,0,0,240,34,523,14,20,27648,23040,0,20544,4096,1.41E+14,4096,512,10,0,10,0,10,0,0,69632,1024,106746,2,49504,524288,16384,1048576,4096,0,16,0
E:/sampel/vm-secu//dmp/pid.2020.0x7ff76de20000.dmp,34404,7,0,0,240,34,523,14,20,27648,23040,0,20544,4096,1.41E+14,4096,512,10,0,10,0,10,0,0,69632,1024,106746,2,49504,524288,16384,1048576,4096,0,16,0
E:/sampel/vm-secu//dmp/pid.2068.0x7ff776750000.dmp,34404,7,0,0,240,34,523,14,20,499712,333312,0,75696,4096,1.41E+14,4096,512,10,0,10,0,10,0,0,847872,1024,833553,2,49504,262144,49152,1048576,4096,0,16,0
E:/sampel/vm-secu//dmp/pid.2104.0x7ff76de20000.dmp,34404,7,0,0,240,34,523,14,20,27648,23040,0,20544,4096,1.41E+14,4096,512,10,0,10,0,10,0,0,69632,1024,106746,2,49504,524288,16384,1048576,4096,0,16,0
E:/sampel/vm-secu//dmp/pid.212.0x7ff63c900000.dmp,34404,7,0,0,240,34,523,14,20,31744,27648,512,29584,4096,1.41E+14,4096,512,10,0,10,0,10,0,0,77824,1024,123109,2,49632,524288,8192,1048576,4096,0,16,0
E:/sampel/vm-secu//dmp/pid.2144.0x7ff76de20000.dmp,34404,7,0,0,240,34,523,14,20,27648,23040,0,20544,4096,1.41E+14,4096,512,10,0,10,0,10,0,0,69632,1024,106746,2,49504,524288,16384,1048576,4096,0,16,0
E:/sampel/vm-secu//dmp/pid.2156.0x7ff6bb700000.dmp,34404,6,0,0,240,34,523,14,20,226816,93696,0,213616,4096,1.41E+14,4096,512,10,0,10,0,10,0,0,335872,1024,379253,2,49504,524288,8192,1048576,4096,0,16,0
E:/sampel/vm-secu//dmp/pid.2328.0x7ff76de20000.dmp,34404,7,0,0,240,34,523,14,20,27648,23040,0,20544,4096,1.41E+14,4096,512,10,0,10,0,10,0,0,69632,1024,106746,2,49504,524288,16384,1048576,4096,0,16,0
E:/sampel/vm-secu//dmp/pid.2336.0x7ff76de20000.dmp,34404,7,0,0,240,34,523,14,20,27648,23040,0,20544,4096,1.41E+14,4096,512,10,0,10,0,10,0,0,69632,1024,106746,2,49504,524288,16384,1048576,4096,0,16,0
E:/sampel/vm-secu//dmp/pid.2400.0x7ff76de20000.dmp,34404,7,0,0,240,34,523,14,20,27648,23040,0,20544,4096,1.41E+14,4096,512,10,0,10,0,10,0,0,69632,1024,106746,2,49504,524288,16384,1048576,4096,0,16,0
E:/sampel/vm-secu//dmp/pid.2448.0x7ff76de20000.dmp,34404,7,0,0,240,34,523,14,20,27648,23040,0,20544,4096,1.41E+14,4096,512,10,0,10,0,10,0,0,69632,1024,106746,2,49504,524288,16384,1048576,4096,0,16,0
E:/sampel/vm-secu//dmp/pid.2564.0x7ff76de20000.dmp,34404,7,0,0,240,34,523,14,20,27648,23040,0,20544,4096,1.41E+14,4096,512,10,0,10,0,10,0,0,69632,1024,106746,2,49504,524288,16384,1048576,4096,0,16,0
E:/sampel/vm-secu//dmp/pid.2572.0x7ff76de20000.dmp,34404,7,0,0,240,34,523,14,20,27648,23040,0,20544,4096,1.41E+14,4096,512,10,0,10,0,10,0,0,69632,1024,106746,2,49504,524288,16384,1048576,4096,0,16,0
E:/sampel/vm-secu//dmp/pid.2612.0x7ff76de20000.dmp,34404,7,0,0,240,34,523,14,20,27648,23040,0,20544,4096,1.41E+14,4096,512,10,0,10,0,10,0,0,69632,1024,106746,2,49504,524288,16384,1048576,4096,0,16,0
E:/sampel/vm-secu//dmp/pid.2644.0x7ff76de20000.dmp,34404,7,0,0,240,34,523,14,20,27648,23040,0,20544,4096,1.41E+14,4096,512,10,0,10,0,10,0,0,69632,1024,106746,2,49504,524288,16384,1048576,4096,0,16,0
E:/sampel/vm-secu//dmp/pid.2652.0x7ff76de20000.dmp,34404,7,0,0,240,34,523,14,20,27648,23040,0,20544,4096,1.41E+14,4096,512,10,0,10,0,10,0,0,69632,1024,106746,2,49504,524288,16384,1048576,4096,0,16,0
E:/sampel/vm-secu//dmp/pid.2660.0x7ff76de20000.dmp,34404,7,0,0,240,34,523,14,20,27648,23040,0,20544,4096,1.41E+14,4096,512,10,0,10,0,10,0,0,69632,1024,106746,2,49504,524288,16384,1048576,4096,0,16,0
E:/sampel/vm-secu//dmp/pid.2676.0x7ff76de20000.dmp,34404,7,0,0,240,34,523,14,20,27648,23040,0,20544,4096,1.41E+14,4096,512,10,0,10,0,10,0,0,69632,1024,106746,2,49504,524288,16384,1048576,4096,0,16,0
E:/sampel/vm-secu//dmp/pid.2708.0x7ff76de20000.dmp,34404,7,0,0,240,34,523,14,20,27648,23040,0,20544,4096,1.41E+14,4096,512,10,0,10,0,10,0,0,69632,1024,106746,2,49504,524288,16384,1048576,4096,0,16,0
E:/sampel/vm-secu//dmp/pid.2768.0x7ff76de20000.dmp,34404,7,0,0,240,34,523,14,20,27648,23040,0,20544,4096,1.41E+14,4096,512,10,0,10,0,10,0,0,69632,1024,106746,2,49504,524288,16384,1048576,4096,0,16,0
E:/sampel/vm-secu//dmp/pid.2828.0x7ff76de20000.dmp,34404,7,0,0,240,34,523,14,20,27648,23040,0,20544,4096,1.41E+14,4096,512,10,0,10,0,10,0,0,69632,1024,106746,2,49504,524288,16384,1048576,4096,0,16,0
E:/sampel/vm-secu//dmp/pid.2848.0x7ff74aa90000.dmp,34404,6,0,0,240,34,523,14,16,77824,81920,0,66492,4096,1.41E+14,4096,4096,6,0,6,1,6,0,0,163840,4096,199319,3,33120,2097152,131072,1048576,4096,0,16,0
E:/sampel/vm-secu//dmp/pid.2876.0x7ff76de20000.dmp,34404,7,0,0,240,34,523,14,20,27648,23040,0,20544,4096,1.41E+14,4096,512,10,0,10,0,10,0,0,69632,1024,106746,2,49504,524288,16384,1048576,4096,0,16,0
E:/sampel/vm-secu//dmp/pid.2884.0x7ff76de20000.dmp,34404,7,0,0,240,34,523,14,20,27648,23040,0,20544,4096,1.41E+14,4096,512,10,0,10,0,10,0,0,69632,1024,106746,2,49504,524288,16384,1048576,4096,0,16,0
E:/sampel/vm-secu//dmp/pid.2896.0x7ff685290000.dmp,34404,7,0,0,240,34,523,14,20,2382336,1172480,0,814176,4096,1.41E+14,4096,512,10,0,10,0,6,0,0,3575808,1024,3579295,2,49504,1048576,4096,1048576,4096,0,16,0
E:/sampel/vm-secu//dmp/pid.2944.0x7ff7c3870000.dmp,34404,6,0,0,240,34,523,14,20,359424,119296,0,359056,4096,1.41E+14,4096,512,10,0,10,0,10,0,0,487424,1024,470890,2,49504,524288,8192,1048576,4096,0,16,0
E:/sampel/vm-secu//dmp/pid.2992.0x7ff623600000.dmp,34404,6,0,0,240,34,523,14,0,32768,44032,0,32000,4096,1.41E+14,4096,512,6,0,0,0,6,0,0,90112,1024,120042,2,49504,1048576,4096,1048576,4096,0,16,0
E:/sampel/vm-secu//dmp/pid.3012.0x7ff60ad80000.dmp,34404,7,0,0,240,34,523,14,0,77312,65536,0,4704,4096,1.41E+14,4096,512,6,0,0,0,6,0,0,163840,1024,161000,3,33120,1048576,4096,1048576,4096,0,16,0
E:/sampel/vm-secu//dmp/pid.3032.0x7ff76de20000.dmp,34404,7,0,0,240,34,523,14,20,27648,23040,0,20544,4096,1.41E+14,4096,512,10,0,10,0,10,0,0,69632,1024,106746,2,49504,524288,16384,1048576,4096,0,16,0
E:/sampel/vm-secu//dmp/pid.3044.0x7ff76de20000.dmp,34404,7,0,0,240,34,523,14,20,27648,23040,0,20544,4096,1.41E+14,4096,512,10,0,10,0,10,0,0,69632,1024,106746,2,49504,524288,16384,1048576,4096,0,16,0
E:/sampel/vm-secu//dmp/pid.3052.0x7ff76de20000.dmp,34404,7,0,0,240,34,523,14,20,27648,23040,0,20544,4096,1.41E+14,4096,512,10,0,10,0,10,0,0,69632,1024,106746,2,49504,524288,16384,1048576,4096,0,16,0
E:/sampel/vm-secu//dmp/pid.3104.0x7ff76de20000.dmp,34404,7,0,0,240,34,523,14,20,27648,23040,0,20544,4096,1.41E+14,4096,512,10,0,10,0,10,0,0,69632,1024,106746,2,49504,524288,16384,1048576,4096,0,16,0
E:/sampel/vm-secu//dmp/pid.3136.0x7ff6c1060000.dmp,34404,7,0,0,240,34,523,14,20,626176,319488,0,172176,4096,1.41E+14,4096,512,10,0,10,0,10,0,0,962560,1024,992802,2,49504,524288,32768,1048576,4096,0,16,0
E:/sampel/vm-secu//dmp/pid.3148.0x7ff76de20000.dmp,34404,7,0,0,240,34,523,14,20,27648,23040,0,20544,4096,1.41E+14,4096,512,10,0,10,0,10,0,0,69632,1024,106746,2,49504,524288,16384,1048576,4096,0,16,0
E:/sampel/vm-secu//dmp/pid.3656.0x7ff7e7580000.dmp,34404,7,0,0,240,34,523,14,20,26624,130560,0,26928,4096,1.41E+14,4096,512,10,0,10,0,10,0,0,176128,1024,192596,2,49504,524288,16384,1048576,4096,0,16,0
E:/sampel/vm-secu//dmp/pid.3812.0x7ff76de20000.dmp,34404,7,0,0,240,34,523,14,20,27648,23040,0,20544,4096,1.41E+14,4096,512,10,0,10,0,10,0,0,69632,1024,106746,2,49504,524288,16384,1048576,4096,0,16,0
E:/sampel/vm-secu//dmp/pid.4032.0x7ff76de20000.dmp,34404,7,0,0,240,34,523,14,20,27648,23040,0,20544,4096,1.41E+14,4096,512,10,0,10,0,10,0,0,69632,1024,106746,2,49504,524288,16384,1048576,4096,0,16,0
E:/sampel/vm-secu//dmp/pid.4152.0x7ff644140000.dmp,34404,7,0,0,240,34,523,14,20,43520,44544,0,23536,4096,1.41E+14,4096,512,10,0,10,0,10,0,0,106496,1024,142232,2,49504,524288,32768,1048576,4096,0,16,0
E:/sampel/vm-secu//dmp/pid.4172.0x7ff710d40000.dmp,34404,7,0,0,240,34,523,14,30,2560000,585728,0,2442240,4096,1.41E+14,4096,4096,10,0,10,0,6,1,0,3149824,4096,3159368,3,49504,524288,65536,1048576,4096,0,16,0
E:/sampel/vm-secu//dmp/pid.424.0x7ff7b82b0000.dmp,34404,6,0,0,240,34,523,14,20,86016,64000,0,5360,4096,1.41E+14,4096,512,10,0,10,0,10,0,0,163840,1024,193306,1,16736,524288,12288,1048576,4096,0,16,0
E:/sampel/vm-secu//dmp/pid.4272.0x7ff76de20000.dmp,34404,7,0,0,240,34,523,14,20,27648,23040,0,20544,4096,1.41E+14,4096,512,10,0,10,0,10,0,0,69632,1024,106746,2,49504,524288,16384,1048576,4096,0,16,0
E:/sampel/vm-secu//dmp/pid.4408.0x7ff76de20000.dmp,34404,7,0,0,240,34,523,14,20,27648,23040,0,20544,4096,1.41E+14,4096,512,10,0,10,0,10,0,0,69632,1024,106746,2,49504,524288,16384,1048576,4096,0,16,0
E:/sampel/vm-secu//dmp/pid.4428.0x7ff7155f0000.dmp,34404,7,0,0,240,34,523,14,20,619520,297984,0,232944,4096,1.41E+14,4096,512,10,0,10,0,10,0,0,933888,1024,966586,2,49504,524288,57344,1048576,4096,0,16,0
E:/sampel/vm-secu//dmp/pid.4444.0x7ff76de20000.dmp,34404,7,0,0,240,34,523,14,20,27648,23040,0,20544,4096,1.41E+14,4096,512,10,0,10,0,10,0,0,69632,1024,106746,2,49504,524288,16384,1048576,4096,0,16,0
E:/sampel/vm-secu//dmp/pid.4460.0x7ff644510000.dmp,34404,7,0,0,240,34,523,14,20,291328,206848,0,75136,4096,1.41E+14,4096,512,10,0,10,0,10,0,0,516096,1024,549027,2,49504,524288,65536,1048576,4096,0,16,0
E:/sampel/vm-secu//dmp/pid.4568.0x7ff76de20000.dmp,34404,7,0,0,240,34,523,14,20,27648,23040,0,20544,4096,1.41E+14,4096,512,10,0,10,0,10,0,0,69632,1024,106746,2,49504,524288,16384,1048576,4096,0,16,0
E:/sampel/vm-secu//dmp/pid.4592.0x7ff76de20000.dmp,34404,7,0,0,240,34,523,14,20,27648,23040,0,20544,4096,1.41E+14,4096,512,10,0,10,0,10,0,0,69632,1024,106746,2,49504,524288,16384,1048576,4096,0,16,0
E:/sampel/vm-secu//dmp/pid.4640.0x7ff76de20000.dmp,34404,7,0,0,240,34,523,14,20,27648,23040,0,20544,4096,1.41E+14,4096,512,10,0,10,0,10,0,0,69632,1024,106746,2,49504,524288,16384,1048576,4096,0,16,0
E:/sampel/vm-secu//dmp/pid.4760.0x7ff76de20000.dmp,34404,7,0,0,240,34,523,14,20,27648,23040,0,20544,4096,1.41E+14,4096,512,10,0,10,0,10,0,0,69632,1024,106746,2,49504,524288,16384,1048576,4096,0,16,0
E:/sampel/vm-secu//dmp/pid.4856.0x7ff76de20000.dmp,34404,7,0,0,240,34,523,14,20,27648,23040,0,20544,4096,1.41E+14,4096,512,10,0,10,0,10,0,0,69632,1024,106746,2,49504,524288,16384,1048576,4096,0,16,0
E:/sampel/vm-secu//dmp/pid.4964.0x7ff76de20000.dmp,34404,7,0,0,240,34,523,14,20,27648,23040,0,20544,4096,1.41E+14,4096,512,10,0,10,0,10,0,0,69632,1024,106746,2,49504,524288,16384,1048576,4096,0,16,0
E:/sampel/vm-secu//dmp/pid.5036.0x7ff76de20000.dmp,34404,7,0,0,240,34,523,14,20,27648,23040,0,20544,4096,1.41E+14,4096,512,10,0,10,0,10,0,0,69632,1024,106746,2,49504,524288,16384,1048576,4096,0,16,0
E:/sampel/vm-secu//dmp/pid.5044.0x7ff712100000.dmp,34404,7,0,0,240,34,523,14,20,59904,35840,512,26432,4096,1.41E+14,4096,512,10,0,10,0,10,0,0,114688,1024,120632,2,49632,524288,49152,1048576,4096,0,16,0
E:/sampel/vm-secu//dmp/pid.516.0x7ff79d460000.dmp,34404,6,0,0,240,34,523,14,20,2048,6656,0,4112,4096,1.41E+14,4096,512,10,0,10,0,10,0,0,28672,1024,62813,1,16736,262144,32768,1048576,4096,0,16,0
E:/sampel/vm-secu//dmp/pid.5184.0x7ff65c6f0000.dmp,34404,8,0,0,240,34,523,14,20,2876416,2199040,512,661360,4096,1.41E+14,4096,512,10,0,10,0,10,0,0,5095424,1024,5155634,2,49600,524288,57344,1048576,4096,0,16,0
E:/sampel/vm-secu//dmp/pid.528.0x7ff76de20000.dmp,34404,7,0,0,240,34,523,14,20,27648,23040,0,20544,4096,1.41E+14,4096,512,10,0,10,0,10,0,0,69632,1024,106746,2,49504,524288,16384,1048576,4096,0,16,0
E:/sampel/vm-secu//dmp/pid.5308.0x7ff712100000.dmp,34404,7,0,0,240,34,523,14,20,59904,35840,512,26432,4096,1.41E+14,4096,512,10,0,10,0,10,0,0,114688,1024,120632,2,49632,524288,49152,1048576,4096,0,16,0
E:/sampel/vm-secu//dmp/pid.5348.0x7ff63bfe0000.dmp,34404,7,0,0,240,34,523,14,20,197632,76800,0,134464,4096,1.41E+14,4096,512,10,0,10,0,6,2,0,290816,1024,277213,2,49504,524288,8192,1048576,4096,0,16,0
E:/sampel/vm-secu//dmp/pid.536.0x7ff76de20000.dmp,34404,7,0,0,240,34,523,14,20,27648,23040,0,20544,4096,1.41E+14,4096,512,10,0,10,0,10,0,0,69632,1024,106746,2,49504,524288,16384,1048576,4096,0,16,0
E:/sampel/vm-secu//dmp/pid.5476.0x7ff76de20000.dmp,34404,7,0,0,240,34,523,14,20,27648,23040,0,20544,4096,1.41E+14,4096,512,10,0,10,0,10,0,0,69632,1024,106746,2,49504,524288,16384,1048576,4096,0,16,0
E:/sampel/vm-secu//dmp/pid.5772.0x7ff79d460000.dmp,34404,6,0,0,240,34,523,14,20,2048,6656,0,4112,4096,1.41E+14,4096,512,10,0,10,0,10,0,0,28672,1024,62813,1,16736,262144,32768,1048576,4096,0,16,0
E:/sampel/vm-secu//dmp/pid.5920.0x7ff76de20000.dmp,34404,7,0,0,240,34,523,14,20,27648,23040,0,20544,4096,1.41E+14,4096,512,10,0,10,0,10,0,0,69632,1024,106746,2,49504,524288,16384,1048576,4096,0,16,0
E:/sampel/vm-secu//dmp/pid.5936.0x7ff6d58b0000.dmp,34404,13,0,0,240,34,523,14,0,2435584,1147392,0,903200,4096,1.41E+14,4096,512,5,2,0,0,5,2,0,3661824,1024,3607108,2,49504,8388608,4096,1048576,4096,0,16,0
E:/sampel/vm-secu//dmp/pid.5952.0x7ff76de20000.dmp,34404,7,0,0,240,34,523,14,20,27648,23040,0,20544,4096,1.41E+14,4096,512,10,0,10,0,10,0,0,69632,1024,106746,2,49504,524288,16384,1048576,4096,0,16,0
E:/sampel/vm-secu//dmp/pid.596.0x7ff6f51e0000.dmp,34404,7,0,0,240,34,523,14,20,292352,118272,0,18144,4096,1.41E+14,4096,512,10,0,10,0,10,0,0,430080,1024,460889,2,49504,524288,57344,1048576,4096,0,16,0
E:/sampel/vm-secu//dmp/pid.5984.0x7ff6d2d90000.dmp,34404,6,0,0,240,34,523,14,20,120832,140800,0,120512,4096,1.41E+14,4096,512,10,0,10,0,10,0,0,278528,1024,307779,2,49504,524288,32768,1048576,4096,0,16,0
E:/sampel/vm-secu//dmp/pid.6016.0x7ff712100000.dmp,34404,7,0,0,240,34,523,14,20,59904,35840,512,26432,4096,1.41E+14,4096,512,10,0,10,0,10,0,0,114688,1024,120632,2,49632,524288,49152,1048576,4096,0,16,0
E:/sampel/vm-secu//dmp/pid.612.0x7ff79d460000.dmp,34404,6,0,0,240,34,523,14,20,2048,6656,0,4112,4096,1.41E+14,4096,512,10,0,10,0,10,0,0,28672,1024,62813,1,16736,262144,32768,1048576,4096,0,16,0
E:/sampel/vm-secu//dmp/pid.616.0x7ff6ffb60000.dmp,34404,7,0,0,240,34,523,14,20,51200,59392,0,12640,4096,1.41E+14,4096,512,10,0,10,0,10,0,0,126976,1024,100118,2,49504,524288,8192,1048576,4096,0,16,0
E:/sampel/vm-secu//dmp/pid.6192.0x7ff623600000.dmp,34404,6,0,0,240,34,523,14,0,32768,44032,0,32000,4096,1.41E+14,4096,512,6,0,0,0,6,0,0,90112,1024,120042,2,49504,1048576,4096,1048576,4096,0,16,0
E:/sampel/vm-secu//dmp/pid.6264.0x7ff7c7e10000.dmp,34404,4,0,0,240,34,523,11,0,512,21582,0,36864,36864,1.41E+14,4096,512,6,2,0,0,6,2,0,40960,1536,61093,2,37216,1048576,4096,0,0,0,16,0
E:/sampel/vm-secu//dmp/pid.6472.0x7ff713b40000.dmp,34404,7,0,0,240,34,523,14,28,2151936,902656,0,1947644,4096,1.41E+14,4096,512,6,0,0,0,6,0,0,3072000,1024,3089177,2,33120,1048576,4096,1048576,4096,0,16,0
E:/sampel/vm-secu//dmp/pid.6620.0x7ff76de20000.dmp,34404,7,0,0,240,34,523,14,20,27648,23040,0,20544,4096,1.41E+14,4096,512,10,0,10,0,10,0,0,69632,1024,106746,2,49504,524288,16384,1048576,4096,0,16,0
E:/sampel/vm-secu//dmp/pid.664.0x7ff76de20000.dmp,34404,7,0,0,240,34,523,14,20,27648,23040,0,20544,4096,1.41E+14,4096,512,10,0,10,0,10,0,0,69632,1024,106746,2,49504,524288,16384,1048576,4096,0,16,0
E:/sampel/vm-secu//dmp/pid.6724.0x7ff712100000.dmp,34404,7,0,0,240,34,523,14,20,59904,35840,512,26432,4096,1.41E+14,4096,512,10,0,10,0,10,0,0,114688,1024,120632,2,49632,524288,49152,1048576,4096,0,16,0
E:/sampel/vm-secu//dmp/pid.6796.0x7ff7623a0000.dmp,34404,6,0,0,240,34,523,14,27,2560,7680,0,4864,4096,1.41E+14,4096,512,6,2,0,0,6,2,0,28672,1024,70030,2,53600,1048576,4096,1048576,4096,0,16,0
E:/sampel/vm-secu//dmp/pid.6800.0x7ff6d58b0000.dmp,34404,13,0,0,240,34,523,14,0,2435584,1147392,0,903200,4096,1.41E+14,4096,512,5,2,0,0,5,2,0,3661824,1024,3607108,2,49504,8388608,4096,1048576,4096,0,16,0
E:/sampel/vm-secu//dmp/pid.688.0x7ff7155f0000.dmp,34404,7,0,0,240,34,523,14,20,619520,297984,0,232944,4096,1.41E+14,4096,512,10,0,10,0,10,0,0,933888,1024,966586,2,49504,524288,57344,1048576,4096,0,16,0
E:/sampel/vm-secu//dmp/pid.6884.0x7ff712100000.dmp,34404,7,0,0,240,34,523,14,20,59904,35840,512,26432,4096,1.41E+14,4096,512,10,0,10,0,10,0,0,114688,1024,120632,2,49632,524288,49152,1048576,4096,0,16,0
E:/sampel/vm-secu//dmp/pid.7012.0x7ff72e380000.dmp,34404,6,0,0,240,34,523,14,20,24064,62976,0,23056,4096,1.41E+14,4096,512,10,0,10,0,10,0,0,102400,1024,126939,2,49504,524288,8192,1048576,4096,0,16,0
E:/sampel/vm-secu//dmp/pid.7052.0x7ff684b60000.dmp,34404,7,0,0,240,34,523,14,20,716288,257024,0,703520,4096,1.41E+14,4096,512,10,0,10,0,10,0,0,991232,1024,1047298,3,49504,524288,8192,1048576,4096,0,16,0
E:/sampel/vm-secu//dmp/pid.7096.0x7ff656c40000.dmp,34404,6,0,0,240,34,523,14,20,2560,9216,0,4544,4096,1.41E+14,4096,512,10,0,10,0,10,0,0,28672,1024,71911,2,49504,524288,8192,1048576,4096,0,16,0
E:/sampel/vm-secu//dmp/pid.712.0x7ff611020000.dmp,34404,7,0,0,240,34,523,14,20,74240,39424,0,24240,4096,1.41E+14,4096,512,10,0,10,0,10,0,0,135168,1024,113096,2,49504,524288,8192,1048576,4096,0,16,0
E:/sampel/vm-secu//dmp/pid.724.0x7ff66d3a0000.dmp,34404,7,0,0,240,34,523,14,20,527872,176640,0,214304,4096,1.41E+14,4096,512,10,0,10,0,10,0,0,720896,1024,772399,2,49504,524288,32768,1048576,4096,0,16,0
E:/sampel/vm-secu//dmp/pid.7260.0x7ff7f0c40000.dmp,34404,5,0,0,240,34,523,14,20,505856,282112,0,81648,4096,1.41E+14,4096,512,10,0,10,0,6,2,0,798720,1024,839570,2,53600,1048576,4096,1048576,4096,0,16,0
E:/sampel/vm-secu//dmp/pid.7304.0x7ff76de20000.dmp,34404,7,0,0,240,34,523,14,20,27648,23040,0,20544,4096,1.41E+14,4096,512,10,0,10,0,10,0,0,69632,1024,106746,2,49504,524288,16384,1048576,4096,0,16,0
E:/sampel/vm-secu//dmp/pid.7336.0x7ff76de20000.dmp,34404,7,0,0,240,34,523,14,20,27648,23040,0,20544,4096,1.41E+14,4096,512,10,0,10,0,10,0,0,69632,1024,106746,2,49504,524288,16384,1048576,4096,0,16,0
E:/sampel/vm-secu//dmp/pid.748.0x7ff67b630000.dmp,34404,7,0,0,240,34,523,14,20,20992,30208,0,18656,4096,1.41E+14,4096,512,10,0,10,0,10,0,0,73728,1024,87931,2,49504,524288,49152,1048576,4096,0,16,0
E:/sampel/vm-secu//dmp/pid.7540.0x7ff6d58b0000.dmp,34404,13,0,0,240,34,523,14,0,2435584,1147392,0,903200,4096,1.41E+14,4096,512,5,2,0,0,5,2,0,3661824,1024,3607108,2,49504,8388608,4096,1048576,4096,0,16,0
E:/sampel/vm-secu//dmp/pid.7552.0x7ff7805e0000.dmp,34404,7,0,0,240,34,523,14,20,40448,30208,512,10800,4096,1.41E+14,4096,512,10,0,10,0,10,0,0,86016,1024,101140,2,49632,524288,8192,1048576,4096,0,16,0
E:/sampel/vm-secu//dmp/pid.7564.0x7ff6af420000.dmp,34404,6,0,0,240,34,523,14,20,4608,9728,0,6720,4096,1.41E+14,4096,512,10,0,10,0,10,0,0,32768,1024,28537,2,49504,524288,8192,1048576,4096,0,16,0
E:/sampel/vm-secu//dmp/pid.7584.0x7ff6ffb60000.dmp,34404,7,0,0,240,34,523,14,20,51200,59392,0,12640,4096,1.41E+14,4096,512,10,0,10,0,10,0,0,126976,1024,100118,2,49504,524288,8192,1048576,4096,0,16,0
E:/sampel/vm-secu//dmp/pid.768.0x7ff617a20000.dmp,34404,7,0,0,240,34,523,14,29,686080,1942528,0,493616,4096,1.41E+14,4096,512,6,0,0,0,6,0,0,2646016,1024,2695773,2,49504,1048576,4096,1048576,4096,0,16,0
E:/sampel/vm-secu//dmp/pid.836.0x7ff76de20000.dmp,34404,7,0,0,240,34,523,14,20,27648,23040,0,20544,4096,1.41E+14,4096,512,10,0,10,0,10,0,0,69632,1024,106746,2,49504,524288,16384,1048576,4096,0,16,0
E:/sampel/vm-secu//dmp/pid.8424.0x7ff6d58b0000.dmp,34404,13,0,0,240,34,523,14,0,2435584,1147392,0,903200,4096,1.41E+14,4096,512,5,2,0,0,5,2,0,3661824,1024,3607108,2,49504,8388608,4096,1048576,4096,0,16,0
E:/sampel/vm-secu//dmp/pid.844.0x7ff76de20000.dmp,34404,7,0,0,240,34,523,14,20,27648,23040,0,20544,4096,1.41E+14,4096,512,10,0,10,0,10,0,0,69632,1024,106746,2,49504,524288,16384,1048576,4096,0,16,0
E:/sampel/vm-secu//dmp/pid.8488.0x7ff6c5360000.dmp,34404,9,0,0,240,34,523,14,0,317952,298496,0,117424,4096,1.41E+14,4096,512,6,1,0,0,6,1,0,655360,1024,688997,2,49504,8388608,4096,262144,4096,0,16,0
E:/sampel/vm-secu//dmp/pid.8724.0x7ff6d58b0000.dmp,34404,13,0,0,240,34,523,14,0,2435584,1147392,0,903200,4096,1.41E+14,4096,512,5,2,0,0,5,2,0,3661824,1024,3607108,2,49504,8388608,4096,1048576,4096,0,16,0
E:/sampel/vm-secu//dmp/pid.8748.0x7ff6d58b0000.dmp,34404,13,0,0,240,34,523,14,0,2435584,1147392,0,903200,4096,1.41E+14,4096,512,5,2,0,0,5,2,0,3661824,1024,3607108,2,49504,8388608,4096,1048576,4096,0,16,0
E:/sampel/vm-secu//dmp/pid.884.0x7ff677c70000.dmp,34404,6,0,0,240,34,523,14,20,650240,182272,0,203088,4096,1.41E+14,4096,512,10,0,10,0,10,0,0,847872,1024,844122,2,49504,524288,8192,1048576,4096,0,16,0
E:/sampel/vm-secu//dmp/pid.8844.0x140000000.dmp,34404,7,0,0,240,35,523,14,0,15228928,10644480,0,1553740,4096,5368709120,4096,512,6,0,0,0,6,0,0,25890816,1024,25753554,2,33056,1048576,4096,1048576,4096,0,16,0
E:/sampel/vm-secu//dmp/pid.8896.0x7ff76de20000.dmp,34404,7,0,0,240,34,523,14,20,27648,23040,0,20544,4096,1.41E+14,4096,512,10,0,10,0,10,0,0,69632,1024,106746,2,49504,524288,16384,1048576,4096,0,16,0
E:/sampel/vm-secu//dmp/pid.8924.0x7ff6d58b0000.dmp,34404,13,0,0,240,34,523,14,0,2435584,1147392,0,903200,4096,1.41E+14,4096,512,5,2,0,0,5,2,0,3661824,1024,3607108,2,49504,8388608,4096,1048576,4096,0,16,0
E:/sampel/vm-secu//dmp/pid.8932.0x7ff6d58b0000.dmp,34404,13,0,0,240,34,523,14,0,2435584,1147392,0,903200,4096,1.41E+14,4096,512,5,2,0,0,5,2,0,3661824,1024,3607108,2,49504,8388608,4096,1048576,4096,0,16,0
E:/sampel/vm-secu//dmp/pid.8940.0x7ff6d58b0000.dmp,34404,13,0,0,240,34,523,14,0,2435584,1147392,0,903200,4096,1.41E+14,4096,512,5,2,0,0,5,2,0,3661824,1024,3607108,2,49504,8388608,4096,1048576,4096,0,16,0
E:/sampel/vm-secu//dmp/pid.9612.0x7ff6c5360000.dmp,34404,9,0,0,240,34,523,14,0,317952,298496,0,117424,4096,1.41E+14,4096,512,6,1,0,0,6,1,0,655360,1024,688997,2,49504,8388608,4096,262144,4096,0,16,0
E:/sampel/vm-secu//dmp/pid.964.0x7ff76de20000.dmp,34404,7,0,0,240,34,523,14,20,27648,23040,0,20544,4096,1.41E+14,4096,512,10,0,10,0,10,0,0,69632,1024,106746,2,49504,524288,16384,1048576,4096,0,16,0
E:/sampel/vm-secu//dmp/pid.9664.0x7ff6d58b0000.dmp,34404,13,0,0,240,34,523,14,0,2435584,1147392,0,903200,4096,1.41E+14,4096,512,5,2,0,0,5,2,0,3661824,1024,3607108,2,49504,8388608,4096,1048576,4096,0,16,0
E:/sampel/vm-secu//dmp/pid.9784.0x7ff75aad0000.dmp,34404,6,0,0,240,34,523,14,20,117248,67072,0,116880,4096,1.41E+14,4096,512,10,0,10,0,10,0,0,200704,1024,234379,2,49504,524288,32768,1048576,4096,0,16,0
E:/sampel/vm-secu//dmp/pid.984.0x7ff76de20000.dmp,34404,7,0,0,240,34,523,14,20,27648,23040,0,20544,4096,1.41E+14,4096,512,10,0,10,0,10,0,0,69632,1024,106746,2,49504,524288,16384,1048576,4096,0,16,0
E:/sampel/vm-secu//dmp/pid.964.0x7ff76de20000.dmp,34404,7,0,0,240,34,523,14,20,27648,23040,0,20544,4096,1.41E+14,4096,512,10,0,10,0,10,0,0,69632,1024,106746,2,49504,524288,16384,1048576,4096,0,16,0
E:/sampel/vm-secu//dmp/pid.9664.0x7ff6d58b0000.dmp,34404,13,0,0,240,34,523,14,0,2435584,1147392,0,903200,4096,1.41E+14,4096,512,5,2,0,0,5,2,0,3661824,1024,3607108,2,49504,8388608,4096,1048576,4096,0,16,0
E:/sampel/vm-secu//dmp/pid.9784.0x7ff75aad0000.dmp,34404,6,0,0,240,34,523,14,20,117248,67072,0,116880,4096,1.41E+14,4096,512,10,0,10,0,10,0,0,200704,1024,234379,2,49504,524288,32768,1048576,4096,0,16,0
E:/sampel/vm-secu//dmp/pid.984.0x7ff76de20000.dmp,34404,7,0,0,240,34,523,14,20,27648,23040,0,20544,4096,1.41E+14,4096,512,10,0,10,0,10,0,0,69632,1024,106746,2,49504,524288,16384,1048576,4096,0,16,0
E:/sampel/zeus/dmp/pid.216.0x1000000.dmp,332,3,0,0,224,271,267,7,10,35328,8704,0,23494,4096,16777216,4096,512,5,1,5,1,4,0,0,53248,1024,82117,2,32768,262144,4096,1048576,4096,0,16,1
E:/sampel/zeus/dmp/pid.1028.0x1000000.dmp,332,3,0,0,224,271,267,7,10,11264,2048,0,9481,4096,16777216,4096,512,5,1,5,1,4,0,0,24576,1024,40157,2,33792,262144,16384,1048576,4096,0,16,0
E:/sampel/zeus/dmp/pid.1084.0x400000.dmp,332,4,0,0,224,271,267,6,0,278528,184320,0,149036,4096,4194304,4096,4096,4,0,0,0,4,0,0,466944,4096,515769,3,0,1048576,4096,1048576,4096,0,16,0
E:/sampel/zeus/dmp/pid.1088.0x1000000.dmp,332,3,0,0,224,271,267,7,10,11264,2048,0,9481,4096,16777216,4096,512,5,1,5,1,4,0,0,24576,1024,40157,2,33792,262144,16384,1048576,4096,0,16,0
E:/sampel/zeus/dmp/pid.1148.0x1000000.dmp,332,3,0,0,224,271,267,7,10,11264,2048,0,9481,4096,16777216,4096,512,5,1,5,1,4,0,0,24576,1024,40157,2,33792,262144,16384,1048576,4096,0,16,0
E:/sampel/zeus/dmp/pid.1432.0x1000000.dmp,332,3,0,0,224,287,267,7,10,48128,8704,0,25466,4096,16777216,4096,512,5,1,5,1,4,0,0,65536,1024,115721,2,32768,262144,32768,1048576,4096,0,16,1
E:/sampel/zeus/dmp/pid.1668.0x400000.dmp,332,4,0,0,224,259,267,8,0,16384,45056,0,17815,4096,4194304,4096,4096,4,0,0,0,4,0,0,65536,4096,100990,3,0,1048576,4096,1048576,4096,0,16,0
E:/sampel/zeus/dmp/pid.1724.0x1000000.dmp,332,4,0,0,224,270,267,7,10,280576,752128,0,123470,4096,16777216,4096,512,5,1,5,1,4,10,0,1044480,1024,1083401,2,32768,262144,57344,1048576,4096,0,16,1
E:/sampel/zeus/dmp/pid.1732.0x400000.dmp,332,3,0,0,224,271,267,7,10,75264,36864,0,47829,4096,4194304,4096,512,5,1,5,1,4,0,0,122880,1024,147950,2,32768,262144,4096,1048576,4096,0,16,1
E:/sampel/zeus/dmp/pid.1788.0x400000.dmp,332,4,0,0,224,259,267,8,0,102400,77824,0,94301,4096,4194304,4096,4096,4,0,0,0,4,0,0,184320,4096,204776,3,0,1048576,4096,1048576,4096,0,16,0
E:/sampel/zeus/dmp/pid.1968.0x400000.dmp,332,4,0,0,224,271,267,6,0,126976,135168,0,41582,4096,4194304,4096,4096,4,0,0,0,4,0,0,266240,4096,300688,2,0,1048576,4096,1048576,4096,0,16,0
E:/sampel/zeus/dmp/pid.432.0x400000.dmp,332,4,0,0,224,259,267,8,0,8192,122880,0,9322,4096,4194304,4096,4096,4,0,0,0,4,0,0,135168,4096,198780,2,0,1048576,4096,1048576,4096,0,16,0
E:/sampel/zeus/dmp/pid.452.0x400000.dmp,332,4,0,0,224,259,267,8,0,716800,360448,0,654523,4096,4194304,4096,4096,4,0,0,0,4,0,0,1527808,4096,1099702,2,0,1048576,4096,1048576,4096,0,16,0
E:/sampel/zeus/dmp/pid.468.0x400000.dmp,332,3,0,0,224,271,267,7,10,75264,36864,0,47829,4096,4194304,4096,512,5,1,5,1,4,0,0,122880,1024,147950,2,32768,262144,4096,1048576,4096,0,16,1
E:/sampel/zeus/dmp/pid.632.0x1000000.dmp,332,3,0,0,224,287,267,7,10,455680,57344,0,250707,4096,16777216,4096,512,5,1,21315,20512,4,0,0,524288,1024,512549,2,32768,262144,20480,1048576,4096,0,16,1
E:/sampel/zeus/dmp/pid.676.0x1000000.dmp,332,3,0,0,224,287,267,7,10,102400,5120,0,46540,4096,16777216,4096,512,5,1,5,1,4,0,0,114688,1024,128210,2,32768,262144,16384,1048576,4096,0,16,0
E:/sampel/zeus/dmp/pid.688.0x1000000.dmp,332,3,0,0,224,303,267,7,10,4608,7680,0,5309,4096,16777216,4096,512,5,1,5,1,4,0,0,24576,1024,73925,2,32768,262144,24576,1048576,4096,0,16,1
E:/sampel/zeus/dmp/pid.844.0x400000.dmp,332,4,0,0,224,259,267,8,0,192512,163840,0,174801,4096,4194304,4096,4096,4,0,0,0,4,0,0,368640,4096,373444,3,0,1048576,4096,1048576,4096,0,16,0
E:/sampel/zeus/dmp/pid.856.0x1000000.dmp,332,3,0,0,224,271,267,7,10,11264,2048,0,9481,4096,16777216,4096,512,5,1,5,1,4,0,0,24576,1024,40157,2,33792,262144,16384,1048576,4096,0,16,1
E:/sampel/zeus/dmp/pid.888.0x1000000.dmp,332,3,0,0,224,271,267,7,10,10240,2560,0,10226,4096,16777216,4096,512,5,1,5,1,4,0,0,24576,1024,29788,2,32768,262144,4096,1048576,4096,0,16,1
E:/sampel/zeus/dmp/pid.936.0x1000000.dmp,332,3,0,0,224,271,267,7,10,11264,2048,0,9481,4096,16777216,4096,512,5,1,5,1,4,0,0,24576,1024,40157,2,33792,262144,16384,1048576,4096,0,16,0
000de02a4c37b41cc990ef5c530fde1a6f7d2f09d4c31fc7cc245e5c83beae06,332,3,0,0,224,271,267,6,0,835584,20480,0,4756,4096,4194304,4096,4096,4,0,1,2,4,0,0,860160,4096,881815,2,0,1048576,4096,1048576,4096,0,16,1
001659f6be6343721fca89aac9e06a283d2464d081b2818ce4e1ba03260acf58,332,7,0,0,224,271,267,6,0,176128,12288,0,4849664,4096,4194304,4096,4096,4,0,1,0,4,0,0,4861952,4096,5973544,2,0,1048576,4096,1048576,4096,0,16,1
001b679dc6324e17802dcecfbd6e9a9a417d11c32cb2929c9653eda59a91f159,332,4,0,0,224,271,267,6,0,8192,16896,0,9512,4096,4194304,4096,512,4,0,0,0,4,0,0,32768,1024,0,2,0,1048576,4096,1048576,4096,0,16,1
001be9ce3695bfe9d33b9836edce4bf941c88bcb4a934d585da1ba0f59b03241,332,5,0,0,224,271,267,2,50,8704,3584,0,4096,4096,4194304,4096,512,4,0,0,0,4,0,0,28672,1024,0,2,0,1048576,4096,1048576,4096,0,16,1
001fec9f57dd2e90f8a6ea6cd0ae90e1bcf2c9a751f4bc4d8f6903a6d8b2b675,332,3,0,0,224,33167,267,2,25,323584,8192,438272,764400,442368,4194304,4096,512,5,0,0,0,5,0,0,774144,4096,69232921,2,0,1048576,16384,1048576,4096,0,16,1
00271d0c915acfff79a216670ea2fef12c879777a3461b17ee84a2cb3aef9c79,332,3,0,0,224,271,267,7,0,10240,20992,0,11857,4096,16777216,4096,512,5,1,5,1,4,0,0,40960,4096,60153,2,32768,262144,4096,1048576,4096,0,16,1
00272bf1bb9b26fc82fba0450addcfa749769130b82f14086f06d290584d6ab1,332,8,0,0,224,33166,267,2,25,29696,10752,0,32996,4096,4194304,4096,512,4,0,0,0,4,0,0,110592,1024,0,2,0,1048576,16384,1048576,4096,0,16,1
0029a8d96b3820a787bcdc16b86c90d10dd4db6a71637f8c8487d1181debc0f7,332,3,0,0,224,290,267,11,0,344064,1150976,1679360,2025744,1683456,4194304,4096,512,5,1,0,0,5,1,0,3178496,4096,1512642,2,32832,4194304,4096,4194304,4096,0,16,1
00304a10b0bad93e5f1882afcc4156f840c48f3437ecf3d53e7b39421737538c,332,8,0,0,224,33166,267,2,25,521216,59904,0,525180,4096,4194304,4096,512,4,0,0,0,4,0,0,614400,1024,0,2,0,1048576,16384,1048576,4096,0,16,1
003145f0de426f014449b05a0a04782366ecb6bb718babd8223488900eba0c20,332,4,0,0,224,271,267,7,10,64000,77824,0,47252,4096,16777216,4096,512,5,1,5,1,4,0,0,155648,4096,159282,3,32768,262144,4096,1048576,4096,0,16,1
0031a1e8049d02c7bf8b01cce63b543d93a5de40bd3cd509de384e4328324745,332,5,0,0,224,259,267,12,0,620544,881152,0,561649,4096,4194304,4096,512,5,1,0,0,5,1,0,1544192,1024,0,2,0,4194304,4096,1048576,4096,0,16,1
00340a54cca73c824bb1e7ae3c7b7ba817b54693bc1decae535f40d9b20b8713,332,6,0,0,224,258,267,9,0,5632,4096,0,84010,4096,16777216,4096,512,6,1,6,1,6,1,0,90112,1024,0,2,32768,262144,8192,1048576,4096,0,16,1
003c95b3a8bc6ea3afaf4fa19824e540e4b474b32074ac51cf792e363a4679b2,332,6,0,0,224,782,267,2,23,4608,140800,0,5678,4096,4194304,4096,512,4,0,1,0,4,0,0,409600,1024,61813,2,0,2097152,4096,1048576,4096,0,16,1
003dbaead526f01c8ccfbbee5998e2d966446b9f4a61a2401279756ddc79e593,332,7,0,0,224,258,267,14,14,129024,889856,0,63272,4096,4194304,4096,512,6,0,0,0,6,0,0,1040384,1024,0,2,33088,1048576,4096,1048576,4096,0,16,1
003dfb57e54a46be7ba01d442ba84895ccf47cc458dfebcdaec8eb1a4dcd9091,332,11,0,0,224,33166,267,2,25,2045440,260096,0,2049188,4096,4194304,4096,512,5,0,0,0,5,0,0,2355200,1024,0,2,0,1048576,16384,1048576,4096,0,16,1
003e91f5865b7829ea06be09e2caa539ec5c837e29a428c5450eaa0d109a616b,332,3,0,0,224,271,267,7,0,43008,20992,0,14926,4096,16777216,4096,512,5,1,5,1,4,0,0,73728,4096,107849,3,32768,262144,4096,1048576,4096,0,16,1
00416802ab80d921e5ca9dcc56a096c8d424693fa27fec308b53ff7289728f27,332,4,0,0,224,291,267,8,0,408576,197632,0,337965,4096,4194304,4096,512,4,0,0,0,4,0,0,614400,4096,0,2,32768,4194304,4096,1048576,4096,0,16,1
0042485bcb52289cf29de0e3c3010fe5c6dc2aec0cb0dc87856668fe5e5a74dd,332,8,0,0,224,33167,267,2,25,66560,179712,0,71644,4096,4194304,4096,512,5,0,6,0,5,0,0,286720,1024,8019149,2,33088,1048576,16384,1048576,4096,0,16,1
0043bf6b1a6b125c4201d9f34ea6e225b97ddb30a75d652d240ee26ab7a5be37,332,5,0,0,224,258,267,9,0,52224,104960,0,37270,4096,16777216,4096,512,6,1,6,1,6,1,0,200704,1024,0,2,32768,262144,8192,1048576,4096,0,16,1
0044a6bb9655eb8233cd8f2c93abfd404bf90b9a96f6289a5602962e88383a72,332,5,0,0,224,258,267,9,0,104448,575488,0,49805,4096,4194304,4096,512,5,0,0,0,5,0,0,700416,1024,689317,2,33088,1048576,4096,1048576,4096,0,16,1
00488dd8b3affcf2594cbbbbc0c26eb7b1bb8b1bdfc602d12fd39219fa900477,332,3,0,0,224,271,267,7,0,35840,24064,0,34947,4096,16777216,4096,512,5,1,5,1,4,0,0,69632,4096,89445,3,32768,262144,4096,1048576,4096,0,16,1
004946e153e3f82f87e50fe3ce8783036894b9a6cab855ffe526350a74e3e252,332,3,0,0,224,259,267,8,0,1024,1536,0,4848,4096,4194304,4096,512,4,0,0,0,4,0,0,16384,1024,0,2,1024,1048576,4096,1048576,4096,0,16,1
004a3a4d68022d2adb1e972275792441b152db80dd9823d960965f09b33d717a,332,6,0,0,224,258,267,14,0,2050560,48128,0,13319,4096,4194304,4096,512,5,1,0,0,5,1,0,2113536,1024,2098132,2,33088,1048576,4096,1048576,4096,0,16,1
004c2b6f7b56c3bab374c6add7ee151cfed771d7cdb7ad515cb4a1598efbaaa4,332,4,0,0,224,271,267,6,0,811008,282624,0,798286,4096,4194304,4096,4096,4,0,0,0,4,0,0,1097728,4096,917908,2,0,1048576,4096,1048576,4096,0,16,1
0050282b1399925b5c3822019d34504d1b6c31f4ce37d49a52697ee59d4ca4f1,332,3,0,0,224,271,267,6,0,49152,167936,0,5168,4096,4194304,4096,4096,4,0,1,2,4,0,0,221184,4096,215790,2,0,1048576,4096,1048576,4096,0,16,1
0055833e583b2ad3066bb94f912159a21c269a0239c83db3b24283d05d0e3b03,332,3,0,0,224,34,267,48,0,4608,2048,0,12446,8192,4194304,8192,512,4,0,0,0,6,0,0,32768,512,0,2,34144,1048576,4096,1048576,4096,0,16,1
005748ee2b84d3720851ca1d2cfb80264e9c57133de0252c52ced1d9ed8b9e43,332,8,0,0,224,33167,267,2,25,66560,179712,0,71644,4096,4194304,4096,512,5,0,6,0,5,0,0,286720,1024,2523173,2,33088,1048576,16384,1048576,4096,0,16,1
00581538c81b3dc4c5783aa1ae3c3d075d35a69a5a9c6a76151aa12486c1407c,332,6,0,0,224,259,267,12,0,333312,2137088,0,293567,4096,4194304,4096,512,5,1,0,0,5,1,0,7069696,1024,2499701,2,0,1048576,4096,1048576,4096,0,16,1
005aee5bbbe879902629d567b1f78dd8d7347bd0a5a5251b5a6b5af7bebd4968,332,7,0,0,224,783,267,2,22,35328,20480,109568,17191,4096,4194304,4096,512,4,0,6,0,4,0,0,233472,1024,352839,2,32768,2097152,4096,1048576,4096,0,16,1
005b2a90a2281c8c1cb7b298825c1f32ee27fb63b48333ea648b28afcc143355,332,3,0,0,224,259,267,10,0,4096,4096,24576,31456,28672,4194304,4096,512,5,1,0,0,5,1,0,36864,4096,0,2,33024,1048576,4096,1048576,4096,0,16,1
005b41f0bfbfe4adca3566916cfbc575586feffdc90a14f7156a3ffe79a9ba39,332,5,0,0,224,258,267,9,0,3584,5120,0,7554,4096,16777216,4096,512,6,1,6,1,6,1,0,53248,1024,0,2,32768,262144,8192,1048576,4096,0,16,1
005e2fc12833b5212def557ddca0fd06f658b1fd1225055bdef55b6631efd18c,332,4,0,0,224,271,267,7,10,98304,21504,0,88093,4096,16777216,4096,512,5,1,5,1,4,0,0,131072,4096,177988,3,32768,262144,4096,1048576,4096,0,16,1
0060422d5cf54ae49ba7c9417cd98fde49313b6e53f193d09d7eafe098751286,332,5,0,0,224,258,267,9,0,131072,1543168,0,74514,4096,4194304,4096,512,5,0,0,0,5,0,0,1691648,1024,1717212,2,33088,1048576,4096,1048576,4096,0,16,1
00631b9a060045051907730c1dd0f384831b53e631e6ffb7ab899c9818001100,332,3,0,0,224,271,267,7,10,26624,3584,0,15706,4096,16777216,4096,512,5,1,5,1,4,0,0,40960,4096,75368,2,32768,262144,4096,1048576,4096,0,16,1
00657cfe47a8db9bd6a1fd3ae40465f4c3db6aa53d0d8fb4aec0aca031a0e236,332,3,0,0,224,271,267,6,0,147456,69632,0,11220,4096,4194304,4096,4096,4,0,6,1,4,0,0,221184,4096,0,2,0,1048576,4096,1048576,4096,0,16,1
006d1b62d448de89f812dd7848ba3aca606c3aaf62ff6afea5119dc2fb7634e1,332,3,0,0,224,271,267,6,0,937984,20480,0,11988,4096,4194304,4096,4096,4,0,7,5,4,0,0,962560,4096,961196,2,0,1048576,4096,1048576,4096,0,16,1
006deadf575649f70afecc80cacac8345fc0a5aaf33be86cc86a2a0db90bf853,332,3,0,0,224,271,267,7,0,35840,24064,0,34947,4096,16777216,4096,512,5,1,5,1,4,0,0,69632,4096,89445,3,32768,262144,4096,1048576,4096,0,16,1
006f6ca5ba4f5ad66a39b98e4ce720c9caf110d859c5aa488756e7cbf9993a5a,332,4,0,0,224,259,267,8,0,1716224,643072,0,462427,4096,4194304,4096,4096,4,0,0,0,4,0,0,2404352,4096,2409821,2,0,1048576,4096,1048576,4096,0,16,1
0070308bd7b28de7a86cc0fadbcf6bbeaebe72e30a40537dcf627c76bf57ff69,332,3,0,0,224,271,267,7,10,23040,3584,0,23733,4096,16777216,4096,512,5,1,5,1,4,0,0,36864,4096,64133,2,32768,262144,4096,1048576,4096,0,16,1
007abac32a618fb610544b8e6ec4ebb26d557cdbcfe828c7524724268d53362e,332,3,0,0,224,271,267,7,0,13312,12288,0,8374,4096,16777216,4096,512,5,1,5,1,4,0,0,36864,4096,69788,2,32768,262144,4096,1048576,4096,0,16,1
007f01102d2dd162552e8a98d71debf4c5ab898b5dd1f4f1a0bb7b9e5d072fe2,332,3,0,0,224,271,267,6,0,811008,1515520,0,798192,4096,4194304,4096,4096,4,0,0,0,4,0,0,2330624,4096,2392757,2,0,1048576,4096,1048576,4096,0,16,1
00818db467f92552c3043e1b45577a17d6eed31c1c8469dd92cd911a5ba84e11,332,6,0,0,224,259,267,12,0,326656,2097664,0,287186,4096,4194304,4096,512,5,1,0,0,5,1,0,7020544,1024,2480458,2,0,1048576,4096,1048576,4096,0,16,1
0086e2986e990e7bdbf8f4ae2521dcb352c066d1cad95abc6f3cd23d29c32430,332,4,0,0,224,271,267,5,0,203264,46592,0,182256,4096,4194304,4096,512,4,0,0,0,4,0,0,299008,1024,0,3,0,1048576,4096,1048576,4096,0,16,1
008a37f5677cd31c5f7bae6be2ae8844ca2a947d7db6f26a3fca29f995c37109,332,8,0,0,224,33166,267,2,25,29696,10752,0,32996,4096,4194304,4096,512,4,0,0,0,4,0,0,110592,1024,0,2,0,1048576,16384,1048576,4096,0,16,1
008b04a6c68ad82035f8132dd87224154aed9e487183a3bb3b16c0876cc4d243,332,11,0,0,224,33166,267,2,25,2074624,243200,0,2081856,4096,4194304,4096,512,5,0,0,0,5,0,0,2375680,1024,0,2,0,1048576,16384,1048576,4096,0,16,1
008ed7c341ca87f27ed6a27bef4f5cf6658af484267b4351fc38168463f1d0f9,332,6,0,0,224,783,267,2,50,12800,7680,4096,4096,4096,4194304,4096,512,4,0,0,0,4,0,0,32768,1024,0,2,0,1048576,4096,1048576,4096,0,16,1
008f295680915c4645dfac8baf9351328cfc81cf532d06834c5b1ae7a03f1223,332,7,0,0,224,259,267,9,0,801280,782848,0,672903,4096,4194304,4096,512,5,0,0,0,5,0,0,1626112,1024,1453037,2,32768,1048576,4096,1048576,4096,0,16,1
0092ac6c1e76413024da8deccc7cc4a1fd4330165f3c4fe65436fb2f72f73e93,332,3,0,0,224,271,267,7,10,15360,12800,0,11612,4096,16777216,4096,512,5,1,5,1,4,0,0,36864,4096,33702,3,32768,262144,4096,1048576,4096,0,16,1
0094fe3cdeb7a44f78f65479b332e53b80aa1aaa53a66da03c9695af9469823c,332,4,0,0,224,271,267,7,1,11264,11776,0,5854,4096,4194304,4096,512,4,0,0,0,4,0,0,36864,1024,0,2,0,1048576,4096,1048576,4096,0,16,1
00972e29442e34a21b41e6c66deb3fae655765eafab46e0efcd49a6af45a2561,332,8,0,0,224,33167,267,2,25,86016,189440,0,91256,4096,4194304,4096,512,5,0,6,0,5,0,0,319488,1024,1124542909,2,32768,1048576,16384,1048576,4096,0,16,1
009f0fb9384987b4db424ea9439882ef921ecb4f1c721d4f3ed01340103c4a2b,332,8,0,0,224,33167,267,2,25,66560,53760,0,71644,4096,4194304,4096,512,5,0,6,0,5,0,0,163840,1024,0,2,33088,1048576,16384,1048576,4096,0,16,1
00a1ce81fb92794ba1d967dd7c9f8e0b3fcc39a4c17275a1d9f07df1e4145b50,332,4,0,0,224,259,267,9,0,29696,237056,0,9680,4096,4194304,4096,512,5,0,0,0,5,0,0,282624,1024,43730,2,32768,1048576,4096,1048576,4096,0,16,1
00a57865d7b59ddddb166f735e13d8d69f644e048273b369fbb6cbb218c70d4b,332,5,0,0,224,271,267,2,50,8704,3584,0,4096,4096,4194304,4096,512,4,0,0,0,4,0,0,28672,1024,0,2,0,1048576,4096,1048576,4096,0,16,1
00a72f678b0a61ed804706860bd1d6627aec39fccb3a580771d99aae31203e48,332,3,0,0,224,290,267,11,0,344064,1196032,1720320,2066720,1724416,4194304,4096,512,5,1,0,0,5,1,0,3264512,4096,1579440,2,32832,4194304,4096,4194304,4096,0,16,1
00a935d3f6fec730e86ffa1cb0bcf9ea9455205e1b7c8e834334fb2d81e30641,332,9,0,0,224,33166,267,2,25,462848,62976,0,468748,4096,4194304,4096,512,4,0,0,0,4,0,0,565248,1024,0,2,0,1048576,16384,1048576,4096,0,16,1
00ab240a8bf87544009f1ea62deef82d68262d1abd41d7fe5997521462320865,332,5,0,0,224,259,267,12,0,887296,1920512,0,849500,4096,4194304,4096,512,5,1,0,0,5,1,0,11067392,1024,2845764,2,0,1048576,4096,1048576,4096,0,16,1
00ad88e7a29ed4a95a58be607b514cd8caaf5cb11c95d0e6857213fc02a662ca,332,6,0,0,224,258,267,10,0,28672,445952,16896,14819,4096,4194304,4096,512,5,0,6,0,5,0,0,1007616,1024,0,2,34112,1048576,4096,1048576,4096,0,16,1
00b007cebba07a49e514ec814ab157050573bec320d9ff689a5630cb540f5c59,332,9,0,0,224,258,267,9,0,10240,16896,0,45300,4096,65536,4096,512,6,1,6,1,6,1,0,53968,1024,69970,1,0,262144,4096,1048576,4096,0,16,1
00b82193a3b57a9aaf21533a3c0c7f31b7363adb8b85517c43f2846ac0307576,332,6,0,0,224,258,267,9,0,5120,20480,0,100068,4096,16777216,4096,512,6,1,6,1,6,1,0,106496,1024,0,2,32768,262144,8192,1048576,4096,0,16,1
00bb1c58eedfd5f4c1ad6a3d4ab5a3cf9237a64edb589aae9fae315c4b1374b0,332,7,0,0,224,783,267,2,56,8704,189952,512,4416,4096,4194304,4096,512,4,0,1,0,4,0,0,217088,1024,230166,2,0,2097152,4096,1048576,4096,0,16,1
00beded1c4cc194d9cd553cb3102a798e8214ad4f6ebf038e12df39461af950d,332,6,0,0,224,258,267,14,0,2050560,48128,0,13319,4096,4194304,4096,512,5,1,0,0,5,1,0,2113536,1024,2098132,2,33088,1048576,4096,1048576,4096,0,16,1
00c1765fe816dc2f48fc2fa8459264bc22eb0034640ea64ec6d89c4e7def7682,332,4,0,0,224,271,267,6,0,761856,479232,0,634325,4096,4194304,4096,4096,4,0,0,0,4,0,0,1245184,4096,0,2,0,1048576,4096,1048576,4096,0,16,1
00c4377efd1d8c00dcedbdb922de8a62f5328d6be9f0e9b88b6c491177ea0927,332,5,0,0,224,258,267,9,0,159232,68096,0,102724,4096,4194304,4096,512,5,0,0,0,5,0,0,245760,1024,250835,2,33088,1048576,4096,1048576,4096,0,16,1
00c4c893252fa0c4c79ea740a376d8ed25a9c41af852cd543f899d430536c03d,332,5,0,0,224,271,267,2,50,8704,3584,0,4096,4096,4194304,4096,512,4,0,0,0,4,0,0,28672,1024,0,2,0,1048576,4096,1048576,4096,0,16,1
00c5ed87162500ef328b1635514d0d4a24a709446e1e1a59f3ea83974d5ea57e,332,3,0,0,224,271,267,6,0,36864,12288,110592,147360,114688,285212672,4096,512,4,0,1,0,4,0,0,192512,4096,91417,2,0,1048576,4096,1048576,4096,0,16,1
00c7720cedc09e68f6a91e1da7f53a402faf4731315bf0a2f0b281c4647cf594,332,8,0,0,224,33166,267,2,25,29696,10752,0,32996,4096,4194304,4096,512,4,0,0,0,4,0,0,110592,1024,0,2,0,1048576,16384,1048576,4096,0,16,1
00cb0438beae104128cfd1f84e6cbfe605f73d829261ccd74d5954e5870a131e,332,3,0,0,224,271,267,7,10,3072,2048,0,5392,4096,4194304,4096,512,5,1,5,1,4,0,0,16384,4096,22403,2,32768,262144,4096,1048576,4096,0,16,1
00cb44df1f814282e8651b29e2bac0f1667bb3538aa4f546b48f098a3437d53e,332,5,0,0,224,271,267,6,0,24064,164864,1024,12538,4096,4194304,4096,512,4,0,6,0,4,0,0,241664,1024,0,2,32768,1048576,4096,1048576,4096,0,16,1
00cf880f3260ae9cb56dda8971f2cd110be94f6086969b3624e250ad55148280,332,8,0,0,224,33167,267,2,25,37888,17920,0,40000,4096,4194304,4096,512,1,0,6,0,4,0,0,81920,1024,3257187047,2,32768,1048576,16384,1048576,4096,0,16,1
00d5f1c8c5c17af8b78d66ef1eb63aeeac1d5f7e722460e0fd9cd33b9c6f367b,332,3,0,0,224,271,267,6,0,495616,20480,0,4596,4096,4194304,4096,4096,4,0,4,4,4,0,0,520192,4096,521579,2,0,1048576,4096,1048576,4096,0,16,1
00dcd6a95955de0b3d8f8bc9327a43669acecc704315e96c796c4a66e3fc91a4,332,4,0,0,224,259,267,9,0,29696,237056,0,9680,4096,4194304,4096,512,5,0,0,0,5,0,0,282624,1024,43730,2,32768,1048576,4096,1048576,4096,0,16,1
00e0105bb97cd00d414223fdc7da27467aab31ff4c9313d1fd3f8a3f83687322,332,5,0,0,224,259,267,9,0,73216,57344,0,46467,4096,4194304,4096,512,5,0,0,0,5,0,0,229376,1024,0,2,34048,1048576,4096,1048576,4096,0,16,1
00e0c5d97ef79a5c993b9b1493079fda0d6a0ca52a1dc591cdc59abdc882926c,332,6,0,0,224,782,267,2,23,4608,123392,8192,5807,4096,4194304,4096,512,4,0,1,0,4,0,0,413696,1024,31342,2,0,2097152,4096,1048576,4096,0,16,1
00e24ae23c461ea5af780e65c44db77c86b06b659f3be88c4806715323640ca2,332,3,0,0,224,258,267,8,0,210432,2048,0,218270,8192,4194304,8192,512,4,0,0,0,4,0,0,237568,512,0,2,34112,1048576,4096,1048576,4096,0,16,1
00e24fb289abd25bbb253b9178bdda542da48d56045ea1bcdd279b287c27ac72,332,3,0,0,224,258,267,11,0,2560,2560,0,10254,8192,4194304,8192,512,4,0,0,0,4,0,0,32768,512,0,2,34112,1048576,4096,1048576,4096,0,16,1
00e6ed3bb39fb30435f6f38f0e61c75ef1dc9133e6f834747974c3ac6958ebd3,332,3,0,0,224,259,267,10,0,4096,4096,16384,22400,20480,4194304,4096,512,5,1,0,0,5,1,0,28672,4096,0,2,33024,1048576,4096,1048576,4096,0,16,1
00e70569cfd735d5932c9fd2f6a52f8e7769f9cb404ab19e612d0b1acd48bcc2,332,4,0,0,224,259,267,9,0,30720,390144,0,10074,4096,4194304,4096,512,5,0,0,0,5,0,0,434176,1024,443153,2,32768,1048576,4096,1048576,4096,0,16,1
00eb37cf961e8b8bd2fb565517265759b54fedfdbcf582c18f5eff2bc777dbf1,332,6,0,0,224,258,267,9,0,30720,38912,0,137192,4096,16777216,4096,512,6,1,6,1,6,1,0,143360,1024,0,2,32768,262144,8192,1048576,4096,0,16,1
00edbdaefbce50db68d162e2aafb1cae7936bf0069346e949c1999fe3f62fe7d,332,5,0,0,224,258,267,9,0,205824,78848,0,125341,4096,4194304,4096,512,5,0,0,0,5,0,0,307200,1024,331039,2,33088,1048576,4096,1048576,4096,0,16,1
00f02d435d988484cf3e00db833c8e7b8de40e48c32c4e1e275ce22c88d779d4,332,6,0,0,224,271,267,7,10,3633152,17670144,0,30450580,4096,4194304,4096,4096,4,0,0,0,4,0,0,30650368,4096,0,2,0,1048576,4096,1048576,4096,0,16,1
00f28db5888de3a0ebc346b29779a6799a65fb774d188a2fd38cfb25c833d334,332,10,0,0,224,783,267,2,29,372224,1184256,5120,5344,4096,4194304,4096,512,4,0,1,0,4,0,0,1470464,4096,1195319,3,320,4194304,8192,2097152,8192,0,16,1
00f4c24001e92a51be113bfd3dfd52d0da4b81c5ef2326e67025534d30c9f4db,332,5,0,0,224,271,267,2,50,61440,10240,0,4096,4096,4194304,4096,512,4,0,0,0,4,0,0,86016,1024,0,3,0,1048576,4096,1048576,4096,0,16,1
00f8587aeabade008520ffdfec9b268f673191ff921aa2b75ffb2767098e7211,332,7,0,0,224,259,267,12,0,331776,1122304,0,291373,4096,4194304,4096,512,5,1,0,0,5,1,0,21905408,1024,1462734,2,0,1048576,4096,1048576,4096,0,16,1
00fd425539447d38d64f1c7d2d8ffc90fd012b0e6e0c14e5fe035aa83b35dccf,332,4,0,0,224,258,267,9,0,6656,4096,0,8387,4096,16777216,4096,512,6,1,6,1,6,1,0,53248,1024,0,2,32768,262144,8192,1048576,4096,0,16,1
00fdfccfd6e43c0219a9145a67880adb7bb328b7ceee6f6d253e95fe426c98fe,332,8,0,0,224,33167,267,2,25,66560,179712,0,71644,4096,4194304,4096,512,5,0,6,0,5,0,0,286720,1024,17942931,2,33088,1048576,16384,1048576,4096,0,16,1
00fe0b9d2370c9002edfafdf55f1846a5ffe18dfefbb066cd1b8cfcb39000920,332,7,0,0,224,783,267,2,56,8704,244224,512,4416,4096,4194304,4096,512,4,0,1,0,4,0,0,270336,1024,315398,2,0,2097152,4096,1048576,4096,0,16,1
00ffdac4e421869a77df8180f2b1d66f8be03a876d0220e665a5fbc502cc71be,332,5,0,0,224,258,267,9,0,139776,200704,0,20414,4096,4194304,4096,512,5,0,0,0,5,0,0,360448,1024,370325,2,32768,1048576,4096,1048576,4096,0,16,1
00fffbd9e9ffa31b6af94dd60ad0c60462d4587faff8653d17c0439ed68b389d,332,4,0,0,224,259,267,8,0,307200,724992,0,195198,4096,4194304,4096,4096,4,0,0,0,4,0,0,1036288,4096,0,2,0,1048576,4096,1048576,4096,0,16,1
0104b29dee25ec55424a2d00f48db97cc59b072e4d03f390e5c4bd33247442a3,332,4,0,0,224,259,267,12,0,1650176,1087488,0,1612022,4096,4194304,4096,512,5,1,0,0,5,1,0,10772480,1024,2771475,2,0,1048576,4096,1048576,4096,0,16,1
0106266e8be3a984f315b41cb0a3bb9d889a2ef4c3b82f3c852eb891ca76f00e,332,5,0,0,224,258,267,11,0,2048,183296,0,185399,4096,4194304,4096,512,5,1,0,0,5,1,0,368640,1024,0,2,33088,1048576,4096,1048576,4096,0,16,1
010dc4c8bd7727ffbd572649f1e697e7c65e464928f21be8b6adea2103de5c1c,332,4,0,0,224,258,267,9,0,26112,8192,0,11294,4096,16777216,4096,512,6,1,6,1,6,1,0,73728,1024,0,3,32768,262144,8192,1048576,4096,0,16,1
010f1c70afde6c3cb35b409a68b034704757e87f665603d89fa365bf3817cc9b,332,8,0,0,224,33167,267,2,25,66560,179712,0,71644,4096,4194304,4096,512,5,0,6,0,5,0,0,286720,1024,9192091,2,33088,1048576,16384,1048576,4096,0,16,1
01104f3eccb664395658604277ad1b89708150a0e6f46bd479241f80ac2ef381,332,5,0,0,224,259,267,10,0,427520,248832,0,18518,4096,4194304,4096,512,5,1,0,0,5,1,0,1290240,1024,1226888,2,33024,1048576,4096,1048576,4096,0,16,1
01127911da3c048b38d2511790b8fb019c386e668e342b2652d29249166b44a4,332,8,0,0,224,33166,267,2,25,1267200,2630144,0,1270184,4096,4194304,4096,512,4,0,0,0,4,0,0,3952640,1024,3941462,2,0,1048576,16384,1048576,4096,0,16,1
0116c926fa1a2bd2fddd396cfd8138547cacce86f0d9cc3bc52bbe74f9100eb9,332,5,0,0,224,271,267,6,0,24064,164864,1024,12538,4096,4194304,4096,512,4,0,6,0,4,0,0,270336,1024,0,2,32768,1048576,4096,1048576,4096,0,16,1
011cc58bf3b911de84cc6aa15abd0b393762b217dc6a14424558f6305219df91,332,3,0,0,224,271,267,6,0,147456,69632,0,11220,4096,4194304,4096,4096,4,0,6,1,4,0,0,221184,4096,0,2,0,1048576,4096,1048576,4096,0,16,1
0120f7dbb4f61aff2c914575661828202aaa6b578ec7e862cc1c637906d68d26,332,5,0,0,224,270,267,6,0,8192,20480,0,4096,4096,4194304,4096,4096,4,0,0,0,4,0,0,32768,4096,0,3,0,1048576,4096,1048576,4096,0,16,1
012abb46299c2388960f9e3b9f35353d5af8740bed29bdb9c0e2a063b76c8d9e,332,8,0,0,224,33167,267,2,25,66560,179712,0,71644,4096,4194304,4096,512,5,0,6,0,5,0,0,286720,1024,3127916,2,33088,1048576,16384,1048576,4096,0,16,1
012adab71c07676b096c18b5819dbc8cbb5d37d6dd83db20da23055bec5b4cab,332,3,0,0,224,271,267,7,10,43008,15872,0,22979,4096,16777216,4096,512,5,1,5,1,4,0,0,65536,4096,62244,3,32768,262144,4096,1048576,4096,0,16,1
0130fa515bde817dc643cca816531a93d62bf2bd9769b2c736a6e332965ce7fa,332,3,0,0,224,271,267,6,0,614400,20480,0,12412,4096,4194304,4096,4096,4,0,1,6,4,0,0,638976,4096,645237,2,0,1048576,4096,1048576,4096,0,16,1
01391f94508656772f17a2c2ef17600841e5e312397c9b54a11e2a6749ce8627,332,5,0,0,224,271,267,6,0,24576,164864,1024,12586,4096,4194304,4096,512,4,0,6,0,4,0,0,434176,1024,717551,2,32768,1048576,4096,1048576,4096,0,16,1
013a0b7c3137ea1f7e5cfd81b4c3bbc11d7ee0a049fad0ce11912bf3ee2928fd,332,4,0,0,224,271,267,5,0,81920,40960,0,4096,4096,4194304,4096,512,4,0,0,0,4,0,0,155648,1024,0,2,0,1048576,8192,1048576,4096,0,16,1
0146a108adbcf8301239729755cee36ee983a192a5ba14fd5bcaac83c4328ace,332,3,0,0,224,271,267,6,0,1269760,12288,0,4612,4096,4194304,4096,4096,4,0,1,0,4,0,0,1286144,4096,1342979,2,0,1048576,4096,1048576,4096,0,16,1
0146f77cc4ca26fe602119f2f63072fb94d1ae3d11fc850caf5ac77b386ba303,332,4,0,0,224,259,267,9,0,30720,392192,0,10083,4096,4194304,4096,512,5,0,0,0,5,0,0,434176,1024,440971,2,32768,1048576,4096,1048576,4096,0,16,1
01474dd2ed561868a7c3384014f9c899d10da9d844ada91ef957d4d33935b6ca,332,5,0,0,224,258,267,9,0,47616,673280,0,18858,4096,4194304,4096,512,5,0,0,0,5,0,0,737280,1024,748595,2,33088,1048576,4096,1048576,4096,0,16,1
014843388a8d1b88e04f2438aeaed86aa073d61b4e341d0833b7f1c3a52bffe7,332,5,0,0,224,271,267,6,0,28672,28672,0,61440,4096,4194304,4096,4096,4,0,0,0,4,0,0,172032,4096,0,2,0,1048576,4096,1048576,4096,0,16,1
0148bb4676963b01237890e84ba1529444235fbb58e6c5e30782c947c22d98a4,332,6,0,0,224,258,267,14,0,43008,2188288,0,5634,4096,4194304,4096,512,5,1,0,0,5,1,0,2248704,1024,2231085,2,33088,1048576,4096,1048576,4096,0,16,1
0148dab1e7a64a1e1b69aa34e33ba12270e439f11d226d43b0cd1b8fef605878,332,5,0,0,224,258,267,11,0,2048,187392,0,189523,4096,4194304,4096,512,5,1,0,0,5,1,0,372736,1024,0,2,33088,1048576,4096,1048576,4096,0,16,1
0149f4bce81bc142a30d69b1abdbe4ff91135343cd52593f05dfe43a43b01228,332,5,0,0,224,258,267,9,0,41984,12800,0,11007,4096,16777216,4096,512,6,1,6,1,6,1,0,98304,1024,0,2,32768,262144,8192,1048576,4096,0,16,1
014c40f1802cc0e9bbdbbb04b7e80d0b6877326bf801b53a56167a2b80e8f810,332,3,0,0,224,271,267,7,10,30720,42496,0,29597,4096,16777216,4096,512,5,1,5,1,4,0,0,180224,1024,0,2,32768,262144,69632,1048576,4096,0,16,1
014ce18dbed1c542084ffe1e40d7e58ee1c633343805300a59f1688f376841b0,332,5,0,0,224,259,267,12,0,841216,1706496,0,801597,4096,4194304,4096,512,5,1,0,0,5,1,0,7245824,1024,2604184,2,0,1048576,4096,1048576,4096,0,16,1
014d56c2b292083d3dd04aeea40d3eddd108e931a366c5f8b152eca3a871a31c,332,6,0,0,224,271,267,6,0,192512,40960,0,2068480,4096,4194304,4096,4096,4,0,40,1,4,0,0,2072576,4096,500,2,0,1048576,4096,1048576,4096,0,16,1
01531dfc19ec77224b53f1540208e5ad73f911a61bb66674ff463c399a59ea73,332,6,0,0,224,259,267,12,0,177152,1345536,0,137322,4096,4194304,4096,512,5,1,0,0,5,1,0,21524480,1024,1581403,2,0,1048576,4096,1048576,4096,0,16,1
01598eef53d163845633394cfb2fe4ad93c4d9e3265c2f6a9ab1812161a851e4,332,5,0,0,224,259,267,12,0,406528,1463808,0,367278,4096,4194304,4096,512,5,1,0,0,5,1,0,6852608,1024,1925573,2,0,1048576,4096,1048576,4096,0,16,1
015ad00132afffa88b597887255eb7a7ea56f81d3226f0450b1cf580e01b1e30,332,4,0,0,224,259,267,9,0,703488,595968,0,1703936,4096,4194304,4096,512,5,0,0,0,5,0,0,1708032,1024,0,2,32768,1048576,4096,1048576,4096,0,16,1
015be5fdb06e99a562627d7dea18fed08e89053bf3d8b9e66fbdc2163727c818,332,3,0,0,224,34,267,48,0,4608,2048,0,12560,8192,4194304,8192,512,4,0,0,0,4,0,0,65536,512,0,2,33792,1048576,4096,1048576,4096,0,16,1
015fba7e0ef5b61f91f60c698f73857b4153ed79aa8c5f6a86f2b5bbc2786595,332,8,0,0,224,33166,267,2,25,29696,10752,0,32996,4096,4194304,4096,512,4,0,0,0,4,0,0,110592,1024,0,2,0,1048576,16384,1048576,4096,0,16,1
0161997e441fa20fcad1ac4feec93fc206ab88818be501659553ca717fe1f619,332,5,0,0,224,258,267,10,0,117760,174592,0,58457,4096,4194304,4096,512,5,1,0,0,5,1,0,315392,1024,333979,2,33088,1048576,4096,1048576,4096,0,16,1
0165648a44d95d76b56ae890e3c7f76ab7f43f0780a41ee918ee233dcd65061f,332,6,0,0,224,782,267,2,23,4608,138240,8192,5807,4096,4194304,4096,512,4,0,1,0,4,0,0,413696,1024,31342,2,0,2097152,4096,1048576,4096,0,16,1
0167767e3ae103fd2132519524cac8ce097c329ae0c747a6bbac0663a85f05a9,332,4,0,0,224,271,267,7,10,94208,20480,0,75816,4096,4194304,4096,4096,4,0,0,0,4,0,0,118784,4096,660520832,2,0,1048576,4096,1048576,4096,0,16,1
016873ff72fd792dc55698b04ee2e0e8a5efd93a6e519eb74ffc0e5c8b5b6383,332,11,0,0,224,33166,267,2,25,2649600,649216,0,2656324,4096,4194304,4096,512,5,0,0,0,5,0,0,3887104,1024,0,2,0,1048576,16384,1048576,4096,0,16,1
016fca789dcb276a9ecf13b6707c540ef89878852c35d1cc24ac470deff827a2,332,4,0,0,224,271,267,6,0,24576,24576,0,10656,4096,4194304,4096,4096,4,0,0,0,4,0,0,53248,4096,0,2,0,1048576,4096,1048576,4096,0,16,1
01747fa19fee742be5f1bf0545845fd895a964b591bae0f2013a438200813736,332,4,0,0,224,270,267,6,0,111104,321536,0,118990,8192,4194304,8192,512,4,0,0,0,4,0,0,466944,1024,462567,2,34112,1048576,4096,1048576,4096,0,15,1
017543f7387864d7682c481ae7aa641dda70f03005418db6bc0e236a305f2b1d,332,6,0,0,224,271,267,6,0,692224,1302528,0,3233330,4096,4194304,4096,4096,5,0,0,0,5,0,0,5836800,4096,0,2,0,1048576,4096,1048576,4096,0,16,1
0175e993a00463652de222d55e42b64255cec902c06645f8c7e0826d872e07f6,332,8,0,0,224,33167,267,2,25,86016,53760,0,91256,4096,4194304,4096,512,5,0,6,0,5,0,0,184320,1024,0,2,32768,1048576,16384,1048576,4096,0,16,1
017642e4669ffbcbed68280d75d5414d2e2e8d2834c6f98007f7efd66b018d5e,332,4,0,0,224,259,267,9,0,63488,204800,0,51725,4096,771751936,4096,512,5,1,0,0,5,1,0,352256,1024,0,2,32832,1048576,4096,1048576,4096,0,16,1
017684e632e396cfbe6c2d25cf1088f233e6d0118fd348df6e14d3523869e9c0,332,3,0,0,224,259,267,8,0,512,47104,0,4096,4096,4194304,4096,512,4,0,0,0,4,0,0,61440,1024,0,2,1024,1048576,4096,1048576,4096,0,16,1
0179e7733c868a99a8b380f334dcf158185ca4096d2f847a6c8d47aece251c46,332,3,0,0,224,271,267,7,0,10240,20992,0,11857,4096,16777216,4096,512,5,1,5,1,4,0,0,40960,4096,60153,2,32768,262144,4096,1048576,4096,0,16,1
017c69e07d29e81997f83539b78b39c70360db4ee4eb35668a71e80fb31e6b64,332,4,0,0,224,270,267,6,0,90112,254976,0,98062,8192,4194304,8192,512,4,0,0,0,4,0,0,368640,1024,0,2,34144,1048576,4096,1048576,4096,0,15,1
017f11cb14aa240d0b8921cf0a4b4f6bf991dc87b5e234258257d62be23423f1,332,5,0,0,224,258,267,9,0,7680,4096,0,8251,4096,16777216,4096,512,6,1,6,1,6,1,0,57344,1024,0,2,32768,262144,65536,1048576,4096,0,16,1
0182176a1daf37f429cf9f6d43930589e187a3c043a25c0ee59597cc100553ac,332,4,0,0,224,271,267,5,12,13824,43008,65536,5737,4096,4194304,4096,512,4,0,0,0,4,0,0,221184,1024,0,2,0,1048576,4096,1048576,4096,0,16,1
01877dfbb96347bd5e3f66ec914b99219033eee4b17c9f3365a647162d7f0070,332,8,0,0,224,33166,267,2,25,1267200,2630144,0,1270184,4096,4194304,4096,512,4,0,0,0,4,0,0,3952640,1024,3941462,2,0,1048576,16384,1048576,4096,0,16,1
01878cf31012b7465da818b7c7858de4a876b2d09cf1b2f1bb76cb4c499dc814,332,7,0,0,224,258,267,9,0,181760,44032,0,303252,4096,16777216,4096,512,6,1,6,1,5,2,0,335872,1024,0,2,32768,262144,8192,1048576,4096,0,16,1
01895db3b9b7e9b611132119484f7585e70e84a7e75f017bae50e2fb7e547e41,332,2,0,0,224,271,267,7,0,1024,1024,0,4321,4096,16777216,4096,512,5,1,5,1,4,0,0,12288,4096,33200,2,32768,262144,4096,1048576,4096,0,16,1
018c668eb2dcafa84199db2d37ae3bf4acc4a8316913079e55acf48a04da4cf3,332,3,0,0,224,258,267,8,0,27648,1536,0,35566,8192,4194304,8192,512,4,0,0,0,4,0,0,57344,512,0,2,34112,1048576,4096,1048576,4096,0,16,1
018cc84d2dcfd8384825a68a53bad69d826e1703c5889937061a286357d87679,332,5,0,0,224,290,267,12,0,581120,430080,0,163658,4096,4194304,4096,512,5,1,0,0,5,1,0,1040384,1024,1027229,2,32832,4194304,4096,4194304,4096,0,16,1
018de964878bd9838d7d2a924f351604a274f61ad59806e311c4721b5bf9400d,332,5,0,0,224,259,267,9,0,286720,163840,0,265670,4096,4194304,4096,4096,5,1,0,0,4,0,0,454656,4096,507485,2,0,1048576,4096,1048576,4096,0,16,1
018ef4ac543bed0173344c9decd75a9733bb0895196aa52aa5bd8fd5ec77c266,332,3,0,0,224,34,267,48,0,4608,2048,0,12626,8192,4194304,8192,512,4,0,0,0,4,0,0,65536,512,0,2,33792,1048576,4096,1048576,4096,0,16,1
019b4dd7341e48d1d00252a088d4ad2b20f7d37b14fefa982ee18e1cf5edf8ae,332,8,0,0,224,33166,267,2,25,498688,1245184,0,502356,4096,4194304,4096,512,4,0,0,0,4,0,0,1769472,1024,0,2,0,1048576,16384,1048576,4096,0,16,1
01ad420cbda4043862589263cff1b15d31d3ce8c86fbca5f73792b808c2605d9,332,3,0,0,224,271,267,7,10,25088,35328,0,25258,4096,16777216,4096,512,5,1,5,1,4,0,0,69632,4096,79790,3,32768,262144,4096,1048576,4096,0,16,1
